gamma,generation_seed,line_id,component,weight,mean_Omega,mean_Lambda,cov_11,cov_12,cov_22,covariance_type,init_seed,bic,fit_time_seconds
0.01,47,1,1,0.09846122327082477,0.0,0.0,1725.117381071788,-1.956872448126396,1.0212111669681605,tied_shape,1008,-25267.47173888983,0.19190933369100094
0.01,47,1,2,0.9015387767291771,0.0,0.0,0.14455246740993477,-0.00016397188034094641,8.557017368876856e-05,tied_shape,1008,-25267.47173888983,0.19190933369100094
0.01,47,2,1,0.09846122327082486,0.0,0.0,1725.1173810717862,1.956872448126415,1.0212111669681632,tied_shape,1008,-25267.4717388898,0.18658404238522053
0.01,47,2,2,0.9015387767291771,0.0,0.0,0.14455246740993463,0.000163971880340948,8.55701736887688e-05,tied_shape,1008,-25267.4717388898,0.18658404238522053
0.01,47,3,1,0.9077564359508598,0.0,0.0,0.1343578652948159,7.711539467399101e-05,7.897492068388903e-06,tied_shape,1009,-45894.63541628811,0.18134645745158195
0.01,47,3,2,0.09224356404914266,0.0,0.0,1834.384119875479,1.0528542938480083,0.10782423496612466,tied_shape,1009,-45894.63541628811,0.18134645745158195
0.01,47,4,1,0.09956720548093806,0.0,0.0,1705.9410839683799,4.4749386791022765,1.572299211455156,tied_shape,1002,-18888.694821621317,0.19355766661465168
0.01,47,4,2,0.9004327945190608,0.0,0.0,0.17458390941939322,0.0004579597128831512,0.00016090716478574368,tied_shape,1002,-18888.694821621317,0.19355766661465168
0.01,47,5,1,0.09123473521349668,0.0,0.0,1858.4501866848527,-1.6143194168233823,0.20739578341020823,tied_shape,1008,-41103.92301129201,0.18668212462216616
0.01,47,5,2,0.9087652647865048,0.0,0.0,0.1328046428600459,-0.0001153590853009083,1.4820479528485083e-05,tied_shape,1008,-41103.92301129201,0.18668212462216616
0.01,47,6,1,0.09123473521349669,0.0,0.0,1858.450186684853,-1.6143194168236206,0.20739578341021087,tied_shape,1008,-41103.92301129198,0.18087879195809364
0.01,47,6,2,0.9087652647865049,0.0,0.0,0.1328046428600455,-0.00011535908530092498,1.4820479528485227e-05,tied_shape,1008,-41103.92301129198,0.18087879195809364
0.01,47,7,1,0.07405417631534,0.0,0.0,1147.9360497855707,0.0,0.0005739677379089163,tied_shape,1008,-114819.48474530003,0.1663069175556302
0.01,47,7,2,0.9259458236846588,0.0,0.0,0.021894558833861617,0.0,1.0947273943293836e-08,tied_shape,1008,-114819.48474530003,0.1663069175556302
0.01,47,8,1,0.9020172364443131,0.0,0.0,0.17116668656731324,-0.0008064345833611493,0.00046838150655844994,tied_shape,1009,-10724.00770402498,0.1888418747112155
0.01,47,8,2,0.09798276355569038,0.0,0.0,1733.8703028315028,-8.16895508879477,4.744572678853618,tied_shape,1009,-10724.00770402498,0.1888418747112155
0.01,47,9,1,0.07405417631534,0.0,0.0,1147.9360497855707,0.0,0.0005739677379089163,tied_shape,1008,-114819.48474530003,0.1666139168664813
0.01,47,9,2,0.9259458236846588,0.0,0.0,0.021894558833861617,0.0,1.0947273943293836e-08,tied_shape,1008,-114819.48474530003,0.1666139168664813
0.01,47,10,1,0.07405417631534,0.0,0.0,1147.9360497855707,0.0,0.0005739677379089163,tied_shape,1008,-114819.48474530003,0.16668058279901743
0.01,47,10,2,0.9259458236846588,0.0,0.0,0.021894558833861617,0.0,1.0947273943293836e-08,tied_shape,1008,-114819.48474530003,0.16668058279901743
0.01,47,11,1,0.9077564359508591,0.0,0.0,0.13435786529481414,-7.711539467398345e-05,7.897492068389281e-06,tied_shape,1009,-45894.635416287805,0.18116487469524145
0.01,47,11,2,0.09224356404914277,0.0,0.0,1834.3841198754778,-1.052854293847918,0.10782423496613114,tied_shape,1009,-45894.635416287805,0.18116487469524145
0.01,47,12,1,0.9077511661876779,0.0,0.0,0.1345275740140626,-8.685865972904757e-05,9.988710200323362e-06,tied_shape,1009,-44005.02022710882,0.1813943749293685
0.01,47,12,2,0.09224883381232339,0.0,0.0,1835.9204917047543,-1.185374778719339,0.13631761277845522,tied_shape,1009,-44005.02022710882,0.1813943749293685
0.01,47,13,1,0.09463235633311143,0.0,0.0,1795.2388313738113,-4.329853612800078,1.314567166202474,tied_shape,1008,-26341.378921198502,0.1873982073739171
0.01,47,13,2,0.9053676436668878,0.0,0.0,0.1250948561056935,-0.0003017105051351021,9.160095449335026e-05,tied_shape,1008,-26341.378921198502,0.1873982073739171
0.01,47,14,1,0.9081834778555657,0.0,0.0,0.11040693977663724,0.0006139903849148897,0.00042037971566029103,tied_shape,1009,-15454.377109389507,0.18245954159647226
0.01,47,14,2,0.09181652214443561,0.0,0.0,1850.951571362261,10.293433275650102,7.047586835070374,tied_shape,1009,-15454.377109389507,0.18245954159647226
0.01,47,15,1,0.8972240255757777,0.0,0.0,0.15963824005166752,0.00018084728599339895,3.842665785661622e-05,tied_shape,1006,-30361.666692275852,0.1840457497164607
0.01,47,15,2,0.10277597442422284,0.0,0.0,1651.540295138887,1.870958862913654,0.39754368274905116,tied_shape,1006,-30361.666692275852,0.1840457497164607
0.01,47,16,1,0.0912347352134967,0.0,0.0,1858.4501866848532,-1.6143194168236705,0.20739578341021736,tied_shape,1008,-41103.923011291605,0.1805937923491001
0.01,47,16,2,0.9087652647865045,0.0,0.0,0.13280464286004642,-0.00011535908530092933,1.482047952848579e-05,tied_shape,1008,-41103.923011291605,0.1805937923491001
0.01,47,17,1,0.8992445149704333,0.0,0.0,0.18324295591551193,0.00021846989151169454,2.607446993723936e-05,tied_shape,1009,-32970.147815796015,0.1884670415893197
0.01,47,17,2,0.10075548502956576,0.0,0.0,1683.2124536169397,2.006796060975879,0.23951192175735092,tied_shape,1009,-32970.147815796015,0.1884670415893197
0.01,47,18,1,0.09911442126259076,0.0,0.0,1712.5195812157754,2.7436482457507894,0.44628423295033354,tied_shape,1008,-28905.74025215053,0.1876468751579523
0.01,47,18,2,0.9008855787374084,0.0,0.0,0.1768384351604534,0.0002833149867196527,4.6084264528930005e-05,tied_shape,1008,-28905.74025215053,0.1876468751579523
0.01,47,19,1,0.8992445149704337,0.0,0.0,0.1832429559155122,0.00021846989151169435,2.60744699372394e-05,tied_shape,1009,-32970.147815796015,0.18862437456846237
0.01,47,19,2,0.10075548502956569,0.0,0.0,1683.2124536169404,2.006796060975875,0.239511921757351,tied_shape,1009,-32970.147815796015,0.18862437456846237
0.01,47,20,1,0.09911442126259072,0.0,0.0,1712.5195812157758,2.7436482457508986,0.4462842329503354,tied_shape,1008,-28905.740252150546,0.18749691732227802
0.01,47,20,2,0.9008855787374085,0.0,0.0,0.176838435160453,0.0002833149867196633,4.6084264528930087e-05,tied_shape,1008,-28905.740252150546,0.18749691732227802
0.01,47,21,1,0.9041204891069217,0.0,0.0,0.14878482578241095,0.00026951049613121677,4.444006240995869e-05,tied_shape,1005,-30824.799418970582,0.18338595796376467
0.01,47,21,2,0.09587951089307653,0.0,0.0,1770.7748135023019,3.207601286045172,0.5289070495744616,tied_shape,1005,-30824.799418970582,0.18338595796376467
0.01,47,22,1,0.8970946912651585,0.0,0.0,0.2734717173382718,0.0001220246807157589,1.7702969299850322e-05,tied_shape,1007,-33127.36748382096,0.18083450011909008
0.01,47,22,2,0.10290530873484079,0.0,0.0,1643.796116052953,0.7334714469761912,0.10640980522934,tied_shape,1007,-33127.36748382096,0.18083450011909008
0.01,47,23,1,0.8970946912651585,0.0,0.0,0.2734717173382718,0.0001220246807157589,1.7702969299850322e-05,tied_shape,1007,-33127.36748382096,0.18083679117262363
0.01,47,23,2,0.10290530873484079,0.0,0.0,1643.796116052953,0.7334714469761912,0.10640980522934,tied_shape,1007,-33127.36748382096,0.18083679117262363
0.01,47,24,1,0.9041204891069217,0.0,0.0,0.1487848257824108,0.0002695104961312166,4.444006240995863e-05,tied_shape,1005,-30824.799418970575,0.1832681242376566
0.01,47,24,2,0.09587951089307659,0.0,0.0,1770.7748135023007,3.207601286045171,0.528907049574461,tied_shape,1005,-30824.799418970575,0.1832681242376566
0.01,47,25,1,0.8967440090777238,0.0,0.0,0.33927064662849077,0.00015905222470640983,5.358402210016198e-06,tied_shape,1003,-41367.493420374696,0.17434554174542427
0.01,47,25,2,0.10325599092227632,0.0,0.0,1617.585386762695,0.7583342590168527,0.02554796059563159,tied_shape,1003,-41367.493420374696,0.17434554174542427
0.01,47,26,1,0.8967440090777236,0.0,0.0,0.3392706466284914,0.00015905222470638967,5.358402210016208e-06,tied_shape,1003,-41367.49342037463,0.1745247496291995
0.01,47,26,2,0.10325599092227639,0.0,0.0,1617.5853867626934,0.7583342590167546,0.02554796059563157,tied_shape,1003,-41367.49342037463,0.1745247496291995
0.01,47,27,1,0.09889694866918382,0.0,0.0,1710.0870704460033,2.684536595470927,0.10344191364441133,tied_shape,1008,-37287.56944839368,0.18085287511348724
0.01,47,27,2,0.9011030513308134,0.0,0.0,0.22679647682317108,0.00035603066784013857,1.3718752673967992e-05,tied_shape,1008,-37287.56944839368,0.18085287511348724
0.01,47,28,1,0.09603794120327898,0.0,0.0,1766.1646301697467,3.7714428185795517,0.45439655118052935,tied_shape,1005,-21909.21728182483,0.18157104216516018
0.01,47,28,2,0.9039620587967192,0.0,0.0,0.30135928079848584,0.0006435183198468383,7.753332589834258e-05,tied_shape,1005,-21909.21728182483,0.18157104216516018
0.01,47,29,1,0.0988969486691839,0.0,0.0,1710.0870704460021,2.684536595470841,0.1034419136444111,tied_shape,1008,-37287.56944839364,0.19590162485837936
0.01,47,29,2,0.901103051330813,0.0,0.0,0.22679647682317153,0.0003560306678401281,1.3718752673967999e-05,tied_shape,1008,-37287.56944839364,0.19590162485837936
0.01,47,30,1,0.09889694866918385,0.0,0.0,1710.0870704460028,2.6845365954709295,0.10344191364441155,tied_shape,1008,-37287.56944839362,0.19404566567391157
0.01,47,30,2,0.9011030513308133,0.0,0.0,0.22679647682317147,0.00035603066784013965,1.371875267396805e-05,tied_shape,1008,-37287.56944839362,0.19404566567391157
0.01,47,31,1,0.09889694866918385,0.0,0.0,1710.0870704460028,2.684536595470861,0.10344191364441056,tied_shape,1008,-37287.56944839367,0.18083725031465292
0.01,47,31,2,0.9011030513308133,0.0,0.0,0.22679647682317192,0.00035603066784013125,1.3718752673967946e-05,tied_shape,1008,-37287.56944839367,0.18083725031465292
0.01,47,32,1,0.09807118481139293,0.0,0.0,1731.1312135923351,7.68209811279751,0.7219012552810151,tied_shape,1009,-24007.2172658097,0.18269391730427742
0.01,47,32,2,0.9019288151886051,0.0,0.0,0.19776048469963514,0.0008775853813786924,8.246835423491362e-05,tied_shape,1009,-24007.2172658097,0.18269391730427742
0.01,47,33,1,0.09807118481139293,0.0,0.0,1731.1312135923351,7.68209811279751,0.7219012552810151,tied_shape,1009,-24007.2172658097,0.18274495843797922
0.01,47,33,2,0.9019288151886051,0.0,0.0,0.19776048469963514,0.0008775853813786924,8.246835423491362e-05,tied_shape,1009,-24007.2172658097,0.18274495843797922
0.01,47,34,1,0.09791905768926637,0.0,0.0,1729.9900626660833,-3.6514529290998885,0.15405133579424443,tied_shape,1009,-38152.37511702907,0.18274583388119936
0.01,47,34,2,0.9020809423107344,0.0,0.0,0.17501607747301054,-0.00036940268185329286,1.5584748780947333e-05,tied_shape,1009,-38152.37511702907,0.18274583388119936
0.01,47,35,1,0.09791905768926637,0.0,0.0,1729.9900626660833,-3.6514529290998885,0.15405133579424443,tied_shape,1009,-38152.37511702907,0.18267995864152908
0.01,47,35,2,0.9020809423107344,0.0,0.0,0.17501607747301054,-0.00036940268185329286,1.5584748780947333e-05,tied_shape,1009,-38152.37511702907,0.18267995864152908
0.01,47,36,1,0.09640112409125791,0.0,0.0,1761.0237314489113,6.966086554140278,0.5297264309480403,tied_shape,1009,-29859.077930835814,0.1828603334724903
0.01,47,36,2,0.9035988759087408,0.0,0.0,0.1612437256387976,0.0006378322614583675,4.850307339420612e-05,tied_shape,1009,-29859.077930835814,0.1828603334724903
0.01,47,37,1,0.09684108455358234,0.0,0.0,1429.1260513301515,-0.18982673031421105,0.0019553664142214727,tied_shape,1008,-69687.35888589315,0.17350766621530056
0.01,47,37,2,0.9031589154464192,0.0,0.0,0.20200746798219552,-2.6832074826725138e-05,2.7639172762029056e-07,tied_shape,1008,-69687.35888589315,0.17350766621530056
0.01,47,38,1,0.09684108455358234,0.0,0.0,1429.1260513301515,-0.18982673031421105,0.0019553664142214727,tied_shape,1008,-69687.35888589315,0.17372050043195486
0.01,47,38,2,0.9031589154464192,0.0,0.0,0.20200746798219552,-2.6832074826725138e-05,2.7639172762029056e-07,tied_shape,1008,-69687.35888589315,0.17372050043195486
0.01,47,39,1,0.09900705829514937,0.0,0.0,1649.6250958394637,-0.8395819923334169,0.011147759662406264,tied_shape,1008,-55679.89448400049,0.18142266664654016
0.01,47,39,2,0.9009929417048509,0.0,0.0,0.2140956282513132,-0.00010896465783071774,1.4468054678223573e-06,tied_shape,1008,-55679.89448400049,0.18142266664654016
0.01,47,40,1,0.09900705829514934,0.0,0.0,1649.625095839463,-0.8395819923334117,0.011147759662406108,tied_shape,1008,-55679.894484000746,0.1810570415109396
0.01,47,40,2,0.9009929417048513,0.0,0.0,0.21409562825131107,-0.00010896465783071602,1.4468054678223232e-06,tied_shape,1008,-55679.894484000746,0.1810570415109396
0.01,47,41,1,0.09774000433900794,0.0,0.0,1735.8684200155735,1.9349569819150783,0.5397675374044314,tied_shape,1008,-20747.544370802676,0.18815670907497406
0.01,47,41,2,0.9022599956609938,0.0,0.0,0.28639415111405614,0.0003192409953934257,8.905413791241146e-05,tied_shape,1008,-20747.544370802676,0.18815670907497406
0.01,47,42,1,0.9020172364443131,0.0,0.0,0.1711666865673132,0.0008064345833611623,0.00046838150655845195,tied_shape,1009,-10724.007704024943,0.18889108300209045
0.01,47,42,2,0.09798276355569037,0.0,0.0,1733.870302831503,8.168955088794903,4.744572678853641,tied_shape,1009,-10724.007704024943,0.18889108300209045
0.01,47,43,1,0.0964011240912578,0.0,0.0,1761.0237314489132,-6.96608655414033,0.5297264309480392,tied_shape,1009,-29859.07793083578,0.1829157918691635
0.01,47,43,2,0.9035988759087408,0.0,0.0,0.16124372563879835,-0.0006378322614583746,4.850307339420619e-05,tied_shape,1009,-29859.07793083578,0.1829157918691635
0.01,47,44,1,0.0994741896134033,0.0,0.0,1700.9845052103808,2.896940276136299,0.11443998312567857,tied_shape,1009,-37038.715846670275,0.18292787577956915
0.01,47,44,2,0.9005258103866004,0.0,0.0,0.21655348225125978,0.00036881141641772385,1.4569431278608841e-05,tied_shape,1009,-37038.715846670275,0.18292787577956915
0.01,47,45,1,0.09900705829514998,0.0,0.0,1649.6250958394535,-0.8395819923334351,0.011147759662406227,tied_shape,1008,-55679.894484000375,0.1807478340342641
0.01,47,45,2,0.9009929417048507,0.0,0.0,0.21409562825131373,-0.00010896465783072104,1.446805467822365e-06,tied_shape,1008,-55679.894484000375,0.1807478340342641
0.01,47,46,1,0.09831223921075782,0.0,0.0,1719.2343984186189,-2.6511052725254527,0.08979492180376202,tied_shape,1001,-40067.44835314435,0.1822427911683917
0.01,47,46,2,0.9016877607892427,0.0,0.0,0.20500514753680432,-0.0003161234023874766,1.070733648033591e-05,tied_shape,1001,-40067.44835314435,0.1822427911683917
0.01,47,47,1,0.09831223921075782,0.0,0.0,1719.2343984186189,-2.6511052725254527,0.08979492180376202,tied_shape,1001,-40067.44835314435,0.18231833260506392
0.01,47,47,2,0.9016877607892427,0.0,0.0,0.20500514753680432,-0.0003161234023874766,1.070733648033591e-05,tied_shape,1001,-40067.44835314435,0.18231833260506392
0.01,47,48,1,0.09925529182775437,0.0,0.0,1697.7377826719187,2.027341696454239,0.05550046600876669,tied_shape,1009,-43225.59912627968,0.1828349158167839
0.01,47,48,2,0.9007447081722456,0.0,0.0,0.21112770338693868,0.0002521166700309446,6.901940950441911e-06,tied_shape,1009,-43225.59912627968,0.1828349158167839
0.01,47,49,1,0.9063001450727798,0.0,0.0,0.08060723261177018,1.2738897669248224e-05,7.841948655041091e-08,tied_shape,1001,-86449.26859484221,0.17440370842814445
0.01,47,49,2,0.09369985492722092,0.0,0.0,1335.4771715686693,0.21105434930594785,0.001299231231502642,tied_shape,1001,-86449.26859484221,0.17440370842814445
0.01,47,50,1,0.1030363733339262,0.0,0.0,1645.7472834748007,1.9048051043017078,0.3138122463718346,tied_shape,1005,-23483.333135603254,0.18254654202610254
0.01,47,50,2,0.8969636266660737,0.0,0.0,0.2933123183633213,0.0003394827424496105,5.592899860043059e-05,tied_shape,1005,-23483.333135603254,0.18254654202610254
0.01,47,51,1,0.10312859104603622,0.0,0.0,1643.8441483282672,1.7003391022441108,0.25374545565547785,tied_shape,1008,-25615.746944310533,0.1808307496830821
0.01,47,51,2,0.8968714089539648,0.0,0.0,0.28408196466889996,0.0002938451758094532,4.3851181172935904e-05,tied_shape,1008,-25615.746944310533,0.1808307496830821
0.01,47,52,1,0.10259419865797653,0.0,0.0,1327.1230672340578,0.506728406206959,0.0018688998276408313,tied_shape,1002,-66109.45720161057,0.17674787435680628
0.01,47,52,2,0.8974058013420235,0.0,0.0,0.2537365752077606,9.688289920196565e-05,3.573204726674568e-07,tied_shape,1002,-66109.45720161057,0.17674787435680628
0.01,47,53,1,0.10259419865797571,0.0,0.0,1327.123067234061,-0.506728406207146,0.0018688998276409393,tied_shape,1002,-66109.45720161161,0.17660529259592295
0.01,47,53,2,0.8974058013420237,0.0,0.0,0.2537365752077469,-9.688289920199593e-05,3.5732047266745724e-07,tied_shape,1002,-66109.45720161161,0.17660529259592295
0.01,47,54,1,0.10303637333392622,0.0,0.0,1645.7472834748003,1.9048051043017333,0.31381224637183486,tied_shape,1005,-23483.33313560327,0.18243050016462803
0.01,47,54,2,0.8969636266660737,0.0,0.0,0.29331231836332095,0.0003394827424496148,5.592899860043059e-05,tied_shape,1005,-23483.33313560327,0.18243050016462803
0.01,47,55,1,0.10259419865797602,0.0,0.0,1327.1230672340582,-0.5067284062070754,0.00186889982764089,tied_shape,1002,-66109.45720161147,0.17654129024595022
0.01,47,55,2,0.8974058013420242,0.0,0.0,0.2537365752077479,-9.688289920198301e-05,3.5732047266745004e-07,tied_shape,1002,-66109.45720161147,0.17654129024595022
0.01,47,56,1,0.1072766894645316,0.0,0.0,1558.2115829208867,-2.725429060248017,0.030476141499080112,tied_shape,1002,-39410.58610872329,0.18303908221423626
0.01,47,56,2,0.8927233105354665,0.0,0.0,0.36167670565226523,-0.0006325997154710529,7.073821411157624e-06,tied_shape,1002,-39410.58610872329,0.18303908221423626
0.01,47,57,1,0.1072766894645316,0.0,0.0,1558.2115829208867,-2.725429060248017,0.030476141499080112,tied_shape,1002,-39410.58610872329,0.1828699167817831
0.01,47,57,2,0.8927233105354665,0.0,0.0,0.36167670565226523,-0.0006325997154710529,7.073821411157624e-06,tied_shape,1002,-39410.58610872329,0.1828699167817831
0.01,47,58,1,0.10853891841869438,0.0,0.0,1563.1905457615833,14.841096452347399,0.9484378293867564,tied_shape,1002,-12202.242377090997,0.189733250066638
0.01,47,58,2,0.8914610815813079,0.0,0.0,0.3478999970367049,0.0033029993853229216,0.00021108208396462298,tied_shape,1002,-12202.242377090997,0.189733250066638
0.01,47,59,1,0.8941261899741597,0.0,0.0,0.3228126433652479,0.001203414545529697,3.1784626327526246e-05,tied_shape,1009,-28129.746775460477,0.1814508754760027
0.01,47,59,2,0.10587381002584123,0.0,0.0,1598.7718061225557,5.960067816469524,0.15741751596480458,tied_shape,1009,-28129.746775460477,0.1814508754760027
0.01,47,60,1,0.8941279920176426,0.0,0.0,0.3226865219274748,0.0011576450181702328,2.9436289139740834e-05,tied_shape,1009,-28746.381860823225,0.18163879122585058
0.01,47,60,2,0.10587200798236002,0.0,0.0,1598.4235880006543,5.734379894523864,0.14581228439018687,tied_shape,1009,-28746.381860823225,0.18163879122585058
0.01,47,61,1,0.10121180510782823,0.0,0.0,1678.18016411319,-0.6024577937177548,5.703544628192225,tied_shape,1009,-4979.619935818515,0.1965017495676875
0.01,47,61,2,0.8987881948921731,0.0,0.0,0.21730395817586368,-7.801097045974621e-05,0.0007385397884224188,tied_shape,1009,-4979.619935818515,0.1965017495676875
0.01,47,62,1,0.8941261899741596,0.0,0.0,0.32281264336524734,0.0012034145455296953,3.178462632752621e-05,tied_shape,1009,-28129.746775460477,0.18149741645902395
0.01,47,62,2,0.10587381002584127,0.0,0.0,1598.7718061225553,5.960067816469524,0.1574175159648046,tied_shape,1009,-28129.746775460477,0.18149741645902395
0.01,47,63,1,0.894127140050037,0.0,0.0,0.3227461444986844,0.0011786338346095797,3.050188175707032e-05,tied_shape,1009,-28460.671849671944,0.18158558290451765
0.01,47,63,2,0.10587285994996021,0.0,0.0,1598.5882026907889,5.837870336842276,0.1510783294172574,tied_shape,1009,-28460.671849671944,0.18158558290451765
0.01,47,64,1,0.894126990693926,0.0,0.0,0.3227565976818439,0.0011824300205895844,3.069665633532665e-05,tied_shape,1009,-28409.53357816383,0.18165562488138676
0.01,47,64,2,0.10587300930607513,0.0,0.0,1598.6170636832596,5.85658921026664,0.15204088458029527,tied_shape,1009,-28409.53357816383,0.18165562488138676
0.01,47,65,1,0.894127140050037,0.0,0.0,0.32274614449868444,0.0011786338346095675,3.0501881757070223e-05,tied_shape,1009,-28460.671849671922,0.18122866563498974
0.01,47,65,2,0.10587285994996022,0.0,0.0,1598.5882026907889,5.837870336842214,0.1510783294172569,tied_shape,1009,-28460.671849671922,0.18122866563498974
0.01,47,66,1,0.8943451731624584,0.0,0.0,0.3238916356183738,0.001591714426738203,4.129839487793374e-05,tied_shape,1009,-26509.2443463681,0.18140533287078142
0.01,47,66,2,0.10565482683754429,0.0,0.0,1602.9407685698575,7.877399926269438,0.20438589190470974,tied_shape,1009,-26509.2443463681,0.18140533287078142
0.01,47,67,1,0.8943451731624584,0.0,0.0,0.32389163561837403,0.0015917144267382042,4.129839487793378e-05,tied_shape,1009,-26509.244346368097,0.18155179172754288
0.01,47,67,2,0.1056548268375443,0.0,0.0,1602.940768569857,7.877399926269435,0.2043858919047097,tied_shape,1009,-26509.244346368097,0.18155179172754288
0.01,47,68,1,0.8943451731624584,0.0,0.0,0.32389163561837403,0.0015917144267382035,4.129839487793369e-05,tied_shape,1009,-26509.2443463681,0.18128270842134953
0.01,47,68,2,0.10565482683754428,0.0,0.0,1602.9407685698573,7.877399926269433,0.2043858919047093,tied_shape,1009,-26509.2443463681,0.18128270842134953
0.01,47,69,1,0.1049118659146834,0.0,0.0,1602.836184986944,7.969539043777924,0.08185305624685009,tied_shape,1008,-37609.79624392926,0.18072674982249737
0.01,47,69,2,0.8950881340853166,0.0,0.0,0.3229841886483505,0.0016059252505438854,1.6494039258598357e-05,tied_shape,1008,-37609.79624392926,0.18072674982249737
0.01,47,70,1,0.10377989017583296,0.0,0.0,1552.0280474888868,6.040729864874827,0.031055794326520114,tied_shape,1008,-53840.305380780606,0.18066987488418818
0.01,47,70,2,0.8962201098241649,0.0,0.0,0.27194507665397266,0.0010584517134256811,5.441570712810197e-06,tied_shape,1008,-53840.305380780606,0.18066987488418818
0.01,47,71,1,0.10377989017583296,0.0,0.0,1552.0280474888868,6.040729864874827,0.031055794326520114,tied_shape,1008,-53840.305380780606,0.18077179230749607
0.01,47,71,2,0.8962201098241649,0.0,0.0,0.27194507665397266,0.0010584517134256811,5.441570712810197e-06,tied_shape,1008,-53840.305380780606,0.18077179230749607
0.01,47,72,1,0.10364031907215668,0.0,0.0,1515.6587388760295,-4.262270075374879,0.017010937479278364,tied_shape,1006,-63742.89230191644,0.18294974975287914
0.01,47,72,2,0.8963596809278453,0.0,0.0,0.16938005303207265,-0.00047632327309997673,1.9010305014320993e-06,tied_shape,1006,-63742.89230191644,0.18294974975287914
0.01,47,73,1,0.08982105067253696,0.0,0.0,1885.5675310571103,-50.27886379403643,1.4735911926121819,tied_shape,1008,-48977.766586011385,0.1807480826973915
0.01,47,73,2,0.9101789493274645,0.0,0.0,0.100807582691708,-0.0026880451832562535,7.878220406125875e-05,tied_shape,1008,-48977.766586011385,0.1807480826973915
0.01,47,74,1,0.8941270651945935,0.0,0.0,0.3227513834712725,0.001180531942457886,3.059919154280239e-05,tied_shape,1009,-28435.082202935726,0.1814944176003337
0.01,47,74,2,0.10587293480540544,0.0,0.0,1598.6026673587696,5.847229814534264,0.15155922398609858,tied_shape,1009,-28435.082202935726,0.1814944176003337
0.01,47,75,1,0.8941270651945935,0.0,0.0,0.3227513834712725,0.001180531942457886,3.059919154280239e-05,tied_shape,1009,-28435.082202935726,0.18154400028288364
0.01,47,75,2,0.10587293480540544,0.0,0.0,1598.6026673587696,5.847229814534264,0.15155922398609858,tied_shape,1009,-28435.082202935726,0.18154400028288364
0.01,47,76,1,0.10604118363437602,0.0,0.0,1586.4715154888086,-0.09170710548508039,0.04339885073934054,tied_shape,1008,-37891.29547680189,0.18085637502372265
0.01,47,76,2,0.8939588163656244,0.0,0.0,0.3062784260422303,-1.7704640550199242e-05,8.378424425976195e-06,tied_shape,1008,-37891.29547680189,0.18085637502372265
0.01,47,77,1,0.1036403190721565,0.0,0.0,1515.6587388760322,-4.26227007537481,0.01701093747927801,tied_shape,1006,-63742.89230191662,0.18551133386790752
0.01,47,77,2,0.8963596809278456,0.0,0.0,0.16938005303207013,-0.00047632327309996106,1.901030501432028e-06,tied_shape,1006,-63742.89230191662,0.18551133386790752
0.01,47,78,1,0.09770901216797953,0.0,0.0,1594.8506132143896,-5.592747612678854,0.024415323640583502,tied_shape,1008,-70153.79085585273,0.17961649969220161
0.01,47,78,2,0.9022909878320163,0.0,0.0,0.12243600642635417,-0.00042935286664047974,1.8743540601179534e-06,tied_shape,1008,-70153.79085585273,0.17961649969220161
0.01,47,79,1,0.09815774375476354,0.0,0.0,1629.0687356236363,-6.9667648968422755,0.03669298824526561,tied_shape,1008,-66738.90722890408,0.1805081246420741
0.01,47,79,2,0.901842256245236,0.0,0.0,0.12738289166120528,-0.000544757037365779,2.8691600570084206e-06,tied_shape,1008,-66738.90722890408,0.1805081246420741
0.01,47,80,1,0.09385355189575309,0.0,0.0,1305.0764518846536,-1.815025716230719,0.0036923058767314946,tied_shape,1008,-87190.51238516517,0.18036187440156937
0.01,47,80,2,0.9061464481042463,0.0,0.0,0.07918894521689888,-0.00011013145766464288,2.2404036742390504e-07,tied_shape,1008,-87190.51238516517,0.18036187440156937
0.01,47,81,1,0.09385355189575266,0.0,0.0,1305.0764518846545,-1.8150257162307222,0.003692305876731492,tied_shape,1008,-87190.5123851657,0.18080316577106714
0.01,47,81,2,0.9061464481042469,0.0,0.0,0.0791889452168968,-0.00011013145766464012,2.2404036742389888e-07,tied_shape,1008,-87190.5123851657,0.18080316577106714
0.01,47,82,1,0.09385355189575349,0.0,0.0,1305.0764518846345,-1.8150257162307593,0.003692305876731595,tied_shape,1008,-87190.51238516545,0.18066654168069363
0.01,47,82,2,0.9061464481042459,0.0,0.0,0.0791889452168982,-0.000110131457664646,2.2404036742391254e-07,tied_shape,1008,-87190.51238516545,0.18066654168069363
0.01,47,83,1,0.09791274323509873,0.0,0.0,1610.1290978034813,-6.127715936398601,0.028888314654654208,tied_shape,1008,-68736.77578496333,0.18076950032263994
0.01,47,83,2,0.902087256764899,0.0,0.0,0.12465034732557959,-0.00047438551407248734,2.236428408296971e-06,tied_shape,1008,-68736.77578496333,0.18076950032263994
0.01,47,84,1,0.09784010616653352,0.0,0.0,1604.6389297392986,-5.923567341963203,0.027135308173024425,tied_shape,1008,-69262.87598209523,0.18079941626638174
0.01,47,84,2,0.9021598938334668,0.0,0.0,0.12385565320272053,-0.0004572164421739117,2.0944657744113757e-06,tied_shape,1008,-69262.87598209523,0.18079941626638174
0.01,47,85,1,0.0923943356664635,0.0,0.0,1239.8157642008036,-1.4170225102850793,0.002570233382719744,tied_shape,1008,-90924.72948530545,0.18070808239281178
0.01,47,85,2,0.9076056643335382,0.0,0.0,0.06831412455373286,-7.807825570394967e-05,1.416204314456844e-07,tied_shape,1008,-90924.72948530545,0.18070808239281178
0.01,47,86,1,0.9049616439716902,0.0,0.0,0.09384226225924544,-0.00016824763968590744,4.1017503255984e-07,tied_shape,1003,-82350.36686676333,0.17705504037439823
0.01,47,86,2,0.09503835602830833,0.0,0.0,1401.6694401209552,-2.5130209912110693,0.006126555289678162,tied_shape,1003,-82350.36686676333,0.17705504037439823
0.01,47,87,1,0.9049616439716902,0.0,0.0,0.09384226225924544,-0.00016824763968590744,4.1017503255984e-07,tied_shape,1003,-82350.36686676333,0.1770197506994009
0.01,47,87,2,0.09503835602830833,0.0,0.0,1401.6694401209552,-2.5130209912110693,0.006126555289678162,tied_shape,1003,-82350.36686676333,0.1770197506994009
0.01,47,88,1,0.09708694463701326,0.0,0.0,1552.9113125984225,4.501134196019746,0.016487609506520205,tied_shape,1005,-73508.92150732937,0.17998341657221317
0.01,47,88,2,0.9029130553629885,0.0,0.0,0.11628088459142913,0.00033704169821657776,1.2345803669935692e-06,tied_shape,1005,-73508.92150732937,0.17998341657221317
0.01,47,89,1,0.09770901216797959,0.0,0.0,1594.8506132143893,5.592747612678853,0.024415323640583506,tied_shape,1008,-70153.79085585267,0.1809221664443612
0.01,47,89,2,0.9022909878320162,0.0,0.0,0.12243600642635458,0.00042935286664048114,1.8743540601179601e-06,tied_shape,1008,-70153.79085585267,0.1809221664443612
0.01,47,90,1,0.09770901216797939,0.0,0.0,1594.8506132143966,-5.592747612678937,0.024415323640584227,tied_shape,1008,-70153.79085585258,0.1805504998192191
0.01,47,90,2,0.9022909878320163,0.0,0.0,0.12243600642635251,-0.0004293528666404784,1.8743540601179752e-06,tied_shape,1008,-70153.79085585258,0.1805504998192191
0.01,47,91,1,0.09707154989205279,0.0,0.0,1551.809100470593,4.478194201900463,0.01633836873738248,tied_shape,1005,-73587.40997120661,0.18001133296638727
0.01,47,91,2,0.9029284501079482,0.0,0.0,0.11611929419608513,0.0003350958245057261,1.2225729605045505e-06,tied_shape,1005,-73587.40997120661,0.18001133296638727
0.01,47,92,1,0.09707154989205344,0.0,0.0,1551.8091004705705,-4.478194201900416,0.016338368737382147,tied_shape,1005,-73587.40997120649,0.17989074997603893
0.01,47,92,2,0.9029284501079474,0.0,0.0,0.11611929419608905,-0.00033509582450573874,1.2225729605045844e-06,tied_shape,1005,-73587.40997120649,0.17989074997603893
0.01,47,93,1,0.09810390222669625,0.0,0.0,1624.8447169148092,-6.758241018142278,0.03466301741910671,tied_shape,1008,-67212.74858202189,0.18061479181051254
0.01,47,93,2,0.9018960977733027,0.0,0.0,0.12677468596782965,-0.0005272958540904148,2.7045003761027466e-06,tied_shape,1008,-67212.74858202189,0.18061479181051254
0.01,47,94,1,0.09767363125837783,0.0,0.0,1592.232769265399,-5.5106026609848815,0.023763020302664372,tied_shape,1008,-70382.89406308233,0.18069779127836227
0.01,47,94,2,0.9023263687416199,0.0,0.0,0.12205573069823589,-0.0004224260719646333,1.8216010012008889e-06,tied_shape,1008,-70382.89406308233,0.18069779127836227
0.01,47,95,1,0.09779065831012182,0.0,0.0,1600.9295899354192,-5.793533015503208,0.026048382005002257,tied_shape,1008,-69607.19203510428,0.18060458358377218
0.01,47,95,2,0.902209341689879,0.0,0.0,0.12331808827743532,-0.0004462703546336982,2.0064821662186942e-06,tied_shape,1008,-69607.19203510428,0.18060458358377218
0.01,47,96,1,0.09804529567397065,0.0,0.0,1620.28850729535,-6.5483040807729855,0.03267970981242474,tied_shape,1008,-67704.321765882,0.18077437579631805
0.01,47,96,2,0.9019547043260278,0.0,0.0,0.1261178572135469,-0.0005096981650683736,2.5436796949101946e-06,tied_shape,1008,-67704.321765882,0.18077437579631805
0.01,47,97,1,0.9039822276056413,0.0,0.0,0.10546956132587905,-0.00023636674432665056,6.906403777110694e-07,tied_shape,1004,-78177.03806376063,0.1766142500564456
0.01,47,97,2,0.0960177723943604,0.0,0.0,1479.9255372616994,-3.3166458330815627,0.009690912896476472,tied_shape,1004,-78177.03806376063,0.1766142500564456
0.01,47,98,1,0.9035496573761935,0.0,0.0,0.10982748029721731,-0.0002709065825110342,8.596228247394009e-07,tied_shape,1003,-76417.8651862378,0.17695904150605202
0.01,47,98,2,0.09645034262380804,0.0,0.0,1509.2025480493926,-3.7226830980967605,0.01181257144338757,tied_shape,1003,-76417.8651862378,0.17695904150605202
0.01,47,99,1,0.09477996396233275,0.0,0.0,1377.5536555438994,-2.318843117146873,0.005389287061711645,tied_shape,1005,-83546.50456727449,0.18005245923995972
0.01,47,99,2,0.9052200360376684,0.0,0.0,0.09025573684215657,-0.00015192794365372338,3.5309991218936195e-07,tied_shape,1005,-83546.50456727449,0.18005245923995972
0.01,47,100,1,0.09477996396233275,0.0,0.0,1377.5536555438994,-2.318843117146873,0.005389287061711645,tied_shape,1005,-83546.50456727449,0.17959474958479404
0.01,47,100,2,0.9052200360376684,0.0,0.0,0.09025573684215657,-0.00015192794365372338,3.5309991218936195e-07,tied_shape,1005,-83546.50456727449,0.17959474958479404
0.01,47,101,1,0.09223918679758698,0.0,0.0,1235.5188300464733,1.3906018508202402,0.002502566865879554,tied_shape,1008,-91214.18183247912,0.1801538746803999
0.01,47,101,2,0.9077608132024114,0.0,0.0,0.0675193617856337,7.599443017940237e-05,1.3676175020635283e-07,tied_shape,1008,-91214.18183247912,0.1801538746803999
0.01,47,102,1,0.09706104497717682,0.0,0.0,1551.0573290866712,4.462669311357417,0.0162377674280967,tied_shape,1005,-73640.74748710232,0.17994795832782984
0.01,47,102,2,0.9029389550228248,0.0,0.0,0.11600905947425391,0.00033377881000700354,1.214480014355364e-06,tied_shape,1005,-73640.74748710232,0.17994795832782984
0.01,47,103,1,0.09905841813054259,0.0,0.0,1697.1113702847053,17.94321280467167,0.22930367556356315,tied_shape,1009,-51794.57831364286,0.18134937435388565
0.01,47,103,2,0.9009415818694569,0.0,0.0,0.1371559339207491,0.0014501217497297357,1.8531700584920883e-05,tied_shape,1009,-51794.57831364286,0.18134937435388565
0.01,47,104,1,0.09905841813054243,0.0,0.0,1697.1113702847074,-17.9432128046716,0.22930367556356185,tied_shape,1009,-51794.578313642945,0.1813315413892269
0.01,47,104,2,0.9009415818694569,0.0,0.0,0.13715593392074799,-0.0014501217497297166,1.8531700584920605e-05,tied_shape,1009,-51794.578313642945,0.1813315413892269
0.01,47,105,1,0.09900902337925538,0.0,0.0,1689.5280325191254,14.716540637573907,0.15521262578209083,tied_shape,1009,-54940.84768640155,0.1814612913876772
0.01,47,105,2,0.9009909766207475,0.0,0.0,0.136106522405935,0.001185548348102435,1.2503758636780719e-05,tied_shape,1009,-54940.84768640155,0.1814612913876772
0.01,47,106,1,0.10450710939079197,0.0,0.0,1624.855924037601,-6.087866588301683,9.894353045136773,tied_shape,1008,3395.886888839841,0.19592558220028877
0.01,47,106,2,0.8954928906092069,0.0,0.0,0.27188371188433774,-0.0010186698654309722,0.0016556012091959692,tied_shape,1008,3395.886888839841,0.19592558220028877
0.01,47,107,1,0.9004282501464144,0.0,0.0,0.13803352528577653,-0.0026617337443030683,6.187855009485593e-05,tied_shape,1004,-42112.9660928384,0.18347512558102608
0.01,47,107,2,0.09957174985358622,0.0,0.0,1701.0708045214903,-32.80215840658661,0.7625668820277987,tied_shape,1004,-42112.9660928384,0.18347512558102608
0.01,47,108,1,0.9004001124840811,0.0,0.0,0.13809298414006166,-0.0028738078242110947,7.208930146919079e-05,tied_shape,1003,-40889.16632936504,0.18487791623920202
0.01,47,108,2,0.09959988751591778,0.0,0.0,1701.3749078468572,-35.40675547374369,0.8881763936644987,tied_shape,1003,-40889.16632936504,0.18487791623920202
0.01,47,109,1,0.9004001124840811,0.0,0.0,0.13809298414006166,-0.0028738078242110947,7.208930146919079e-05,tied_shape,1003,-40889.16632936504,0.1849589580669999
0.01,47,109,2,0.09959988751591778,0.0,0.0,1701.3749078468572,-35.40675547374369,0.8881763936644987,tied_shape,1003,-40889.16632936504,0.1849589580669999
0.01,47,110,1,0.0955206494312476,0.0,0.0,1442.1414953600151,2.889228056333109,0.007691613176020806,tied_shape,1006,-80260.76447335164,0.17659404035657644
0.01,47,110,2,0.9044793505687525,0.0,0.0,0.09985932596971712,0.00020006106696638328,5.325963574645566e-07,tied_shape,1006,-80260.76447335164,0.17659404035657644
0.01,47,111,1,0.09551136267799754,0.0,0.0,1441.4116705729018,2.881771716558887,0.0076588275805241825,tied_shape,1006,-80299.64610813897,0.1765148751437664
0.01,47,111,2,0.9044886373220045,0.0,0.0,0.09975078703208036,0.00019942879792230698,5.300179639843229e-07,tied_shape,1006,-80299.64610813897,0.1765148751437664
0.01,47,112,1,0.09967215699488716,0.0,0.0,1703.46048181574,64.08187506491865,2.903866081893351,tied_shape,1008,-31398.916382045587,0.18837099988013506
0.01,47,112,2,0.9003278430051131,0.0,0.0,0.13841982146223486,0.005207166118697641,0.00023596240059380234,tied_shape,1008,-31398.916382045587,0.18837099988013506
0.01,47,113,1,0.0955113626779975,0.0,0.0,1441.4116705729027,-2.88177171655889,0.007658827580524186,tied_shape,1006,-80299.64610813915,0.1764570837840438
0.01,47,113,2,0.9044886373220048,0.0,0.0,0.09975078703207936,-0.00019942879792230505,5.300179639843175e-07,tied_shape,1006,-80299.64610813915,0.1764570837840438
0.01,47,114,1,0.8949661395614189,0.0,0.0,0.25240901542382477,-0.007654126404572104,0.0008411182822400099,tied_shape,1004,-4967.371390760239,0.1909722499549389
0.01,47,114,2,0.10503386043858103,0.0,0.0,1616.773034061779,-49.027508583373475,5.387673474731413,tied_shape,1004,-4967.371390760239,0.1909722499549389
0.01,47,115,1,0.8949661395614189,0.0,0.0,0.25240901542382477,-0.007654126404572104,0.0008411182822400099,tied_shape,1004,-4967.371390760239,0.1909416252747178
0.01,47,115,2,0.10503386043858103,0.0,0.0,1616.773034061779,-49.027508583373475,5.387673474731413,tied_shape,1004,-4967.371390760239,0.1909416252747178
0.01,47,116,1,0.09975885195551991,0.0,0.0,1700.0960269906811,58.56731194242425,2.2503675698038044,tied_shape,1009,-34828.917362455555,0.18142395745962858
0.01,47,116,2,0.9002411480444805,0.0,0.0,0.1650269412699566,0.005685081427647293,0.00021844135324237363,tied_shape,1009,-34828.917362455555,0.18142395745962858
0.01,47,117,1,0.09862908572859932,0.0,0.0,1719.5973045909195,59.63948735164906,2.2999620201507462,tied_shape,1008,-35954.62382653097,0.18078454211354256
0.01,47,117,2,0.9013709142713974,0.0,0.0,0.15602092709918325,0.0054111553230992634,0.00020867804672571055,tied_shape,1008,-35954.62382653097,0.18078454211354256
0.01,47,118,1,0.07321649226574918,0.0,0.0,2322.216821028841,1043.8162794523944,516.01019683994,tied_shape,1008,-22630.748188248996,0.1671172073110938
0.01,47,118,2,0.9267835077342491,0.0,0.0,0.03436395590248952,0.015446299532664213,0.00763587253733979,tied_shape,1008,-22630.748188248996,0.1671172073110938
0.01,47,119,1,0.07733647873425636,0.0,0.0,2198.029761055144,-98.89866741712974,7.097877772564571,tied_shape,1008,-42425.339026930764,0.17351675033569336
0.01,47,119,2,0.9226635212657437,0.0,0.0,0.03917841215587876,-0.0017628026801036014,0.00012651492974876462,tied_shape,1008,-42425.339026930764,0.17351675033569336
0.01,47,120,1,0.07733647873425636,0.0,0.0,2198.029761055144,-98.89866741712974,7.097877772564571,tied_shape,1008,-42425.339026930764,0.17348066624253988
0.01,47,120,2,0.9226635212657437,0.0,0.0,0.03917841215587876,-0.0017628026801036014,0.00012651492974876462,tied_shape,1008,-42425.339026930764,0.17348066624253988
0.01,47,121,1,0.09807109796908788,0.0,0.0,1731.1950247791026,7.912204649941838,0.7657152580309623,tied_shape,1009,-23535.234903384695,0.18206037487834692
0.01,47,121,2,0.9019289020309109,0.0,0.0,0.19777266040773595,0.0009038945589097475,8.747572718729512e-05,tied_shape,1009,-23535.234903384695,0.18206037487834692
0.01,47,122,1,0.09807127980757006,0.0,0.0,1731.0614188344778,-7.451982759591885,0.6793786600796857,tied_shape,1009,-24493.558197462156,0.18274150043725967
0.01,47,122,2,0.9019287201924275,0.0,0.0,0.1977471671912575,-0.0008512745213047174,7.760857241645685e-05,tied_shape,1009,-24493.558197462156,0.18274150043725967
0.01,47,123,1,0.09807127980757006,0.0,0.0,1731.0614188344778,7.451982759591815,0.6793786600796845,tied_shape,1009,-24493.558197462153,0.1827224576845765
0.01,47,123,2,0.9019287201924275,0.0,0.0,0.19774716719125776,0.0008512745213047106,7.760857241645681e-05,tied_shape,1009,-24493.558197462153,0.1827224576845765
0.01,47,124,1,0.09807127980757004,0.0,0.0,1731.0614188344782,-7.451982759591799,0.6793786600796855,tied_shape,1009,-24493.55819746217,0.18264154251664877
0.01,47,124,2,0.9019287201924275,0.0,0.0,0.19774716719125734,-0.0008512745213047067,7.760857241645674e-05,tied_shape,1009,-24493.55819746217,0.18264154251664877
0.01,47,125,1,0.07405417631534,0.0,0.0,1147.9360497855707,0.0,0.0005739677379089163,tied_shape,1008,-114819.48474530003,0.16626112535595894
0.01,47,125,2,0.9259458236846588,0.0,0.0,0.021894558833861617,0.0,1.0947273943293836e-08,tied_shape,1008,-114819.48474530003,0.16626112535595894
0.01,47,126,1,0.07877410645766358,0.0,0.0,2158.2128576282635,-107.24795099533837,20.05293524915321,tied_shape,1008,-26077.20036719002,0.17573754116892815
0.01,47,126,2,0.9212258935423366,0.0,0.0,0.04549559190730609,-0.002260809907666254,0.0004227201943564032,tied_shape,1008,-26077.20036719002,0.17573754116892815
0.01,47,127,1,0.09406890700545793,0.0,0.0,1805.444980161928,-56.727606000782934,2.5100294424488787,tied_shape,1008,-30611.506863534214,0.1804987918585539
0.01,47,127,2,0.9059310929945412,0.0,0.0,0.129732606387512,-0.004076236197430607,0.00018036144288876695,tied_shape,1008,-30611.506863534214,0.1804987918585539
0.01,47,128,1,0.07812654310271146,0.0,0.0,2176.0056934699364,-135.79255845532353,12.428328029690517,tied_shape,1008,-40702.04847757606,0.1725992914289236
0.01,47,128,2,0.9218734568972881,0.0,0.0,0.03480179084083771,-0.0021717885349685968,0.00019877157210047803,tied_shape,1008,-40702.04847757606,0.1725992914289236
0.01,47,129,1,0.07812654310271146,0.0,0.0,2176.0056934699364,-135.79255845532353,12.428328029690517,tied_shape,1008,-40702.04847757606,0.17265325039625168
0.01,47,129,2,0.9218734568972881,0.0,0.0,0.03480179084083771,-0.0021717885349685968,0.00019877157210047803,tied_shape,1008,-40702.04847757606,0.17265325039625168
0.01,47,130,1,0.07864756468443376,0.0,0.0,2161.9118356340236,114.12261640591922,112.76122224592567,tied_shape,1000,-15404.189321843978,0.17237983364611864
0.01,47,130,2,0.9213524353155675,0.0,0.0,0.032016898657661816,0.001690102336177814,0.001669940728227292,tied_shape,1000,-15404.189321843978,0.17237983364611864
0.01,47,131,1,0.07671592285099746,0.0,0.0,2216.0944385782627,-101.7429066601928,12.89765174762129,tied_shape,1008,-32724.9066354168,0.1713418336585164
0.01,47,131,2,0.9232840771490028,0.0,0.0,0.041409421879340075,-0.0019011441352766404,0.00024100250114462635,tied_shape,1008,-32724.9066354168,0.1713418336585164
0.01,47,132,1,0.0786467563694564,0.0,0.0,2161.3189287454156,-288.0811224300901,43.17169847685735,tied_shape,1008,-30156.081593147162,0.17582379188388586
0.01,47,132,2,0.9213532436305442,0.0,0.0,0.06382006392000336,-0.008506544500726156,0.001274786668308816,tied_shape,1008,-30156.081593147162,0.17582379188388586
0.01,47,133,1,0.0786467563694564,0.0,0.0,2161.3189287454156,-288.0811224300901,43.17169847685735,tied_shape,1008,-30156.081593147162,0.17579054180532694
0.01,47,133,2,0.9213532436305442,0.0,0.0,0.06382006392000336,-0.008506544500726156,0.001274786668308816,tied_shape,1008,-30156.081593147162,0.17579054180532694
0.01,47,134,1,0.9231125522957813,0.0,0.0,0.04131639999800998,-0.002376956058633504,0.00037756950709925757,tied_shape,1006,-29116.498727576265,0.17015462554991245
0.01,47,134,2,0.0768874477042164,0.0,0.0,2211.2059492188887,-127.21193952366227,20.207083395013463,tied_shape,1006,-29116.498727576265,0.17015462554991245
0.01,47,135,1,0.07610374882287664,0.0,0.0,2231.8813047454955,-24.315063409241397,0.8220157139084332,tied_shape,1008,-55945.35506609428,0.17356920894235373
0.01,47,135,2,0.9238962511771219,0.0,0.0,0.03741668830066294,-0.00040763330319583673,1.3780798145565382e-05,tied_shape,1008,-55945.35506609428,0.17356920894235373
0.01,47,136,1,0.07610374882287664,0.0,0.0,2231.8813047454955,-24.315063409241397,0.8220157139084332,tied_shape,1008,-55945.35506609428,0.1733026672154665
0.01,47,136,2,0.9238962511771219,0.0,0.0,0.03741668830066294,-0.00040763330319583673,1.3780798145565382e-05,tied_shape,1008,-55945.35506609428,0.1733026672154665
0.01,47,137,1,0.07611095442776017,0.0,0.0,2233.3472974618217,-48.66206908693543,3.2868725713543174,tied_shape,1008,-44857.875721462595,0.17334066610783339
0.01,47,137,2,0.9238890455722419,0.0,0.0,0.03743387974265688,-0.0008156411876914282,5.509236861877647e-05,tied_shape,1008,-44857.875721462595,0.17334066610783339
0.01,47,138,1,0.07640123310452468,0.0,0.0,2225.292273785984,-100.61917682743443,14.100001233885445,tied_shape,1001,-33180.02830183976,0.1707875421270728
0.01,47,138,2,0.9235987668954727,0.0,0.0,0.03729251362671971,-0.0016862243522566141,0.00023629457323231983,tied_shape,1001,-33180.02830183976,0.1707875421270728
0.01,47,139,1,0.07611094508193429,0.0,0.0,2233.3453962633694,-48.56777276623257,3.274153559076137,tied_shape,1008,-44888.89291598688,0.17329879105091095
0.01,47,139,2,0.9238890549180665,0.0,0.0,0.03743385745289923,-0.0008140608638403161,5.487919504722471e-05,tied_shape,1008,-44888.89291598688,0.17329879105091095
0.01,47,140,1,0.07611095442776007,0.0,0.0,2233.347297461824,-48.66206908693554,3.2868725713543325,tied_shape,1008,-44857.875721462595,0.173378249630332
0.01,47,140,2,0.9238890455722422,0.0,0.0,0.03743387974265684,-0.0008156411876914285,5.509236861877661e-05,tied_shape,1008,-44857.875721462595,0.173378249630332
0.01,47,141,1,0.09229827960055259,0.0,0.0,1841.5418274369385,-469.7220166524441,138.53029290478514,tied_shape,1009,-10076.09687684415,0.18142450042068958
0.01,47,141,2,0.9077017203994485,0.0,0.0,0.09207529827739555,-0.02348564346807626,0.006926379759408343,tied_shape,1009,-10076.09687684415,0.18142450042068958
0.01,47,142,1,0.09229827960055259,0.0,0.0,1841.5418274369385,-469.7220166524441,138.53029290478514,tied_shape,1009,-10076.09687684415,0.1816217079758644
0.01,47,142,2,0.9077017203994485,0.0,0.0,0.09207529827739555,-0.02348564346807626,0.006926379759408343,tied_shape,1009,-10076.09687684415,0.1816217079758644
0.01,47,143,1,0.07186883485098818,0.0,0.0,2365.7349696279985,-312.89518288496174,311.62103740441705,tied_shape,1008,-7049.7976182266275,0.16731024999171495
0.01,47,143,2,0.9281311651490138,0.0,0.0,0.03929111685471362,-0.005196694199411187,0.005175532657814726,tied_shape,1008,-7049.7976182266275,0.16731024999171495
0.01,47,144,1,0.07400091309923987,0.0,0.0,2297.4931827300875,-323.10659781723876,84.19594048036508,tied_shape,1009,-20444.40961243316,0.16959549952298403
0.01,47,144,2,0.9259990869007622,0.0,0.0,0.04346652979064465,-0.006112889764002748,0.001592912389316578,tied_shape,1009,-20444.40961243316,0.16959549952298403
0.01,47,145,1,0.07400091309923987,0.0,0.0,2297.4931827300875,-323.10659781723876,84.19594048036508,tied_shape,1009,-20444.40961243316,0.16954316664487123
0.01,47,145,2,0.9259990869007622,0.0,0.0,0.04346652979064465,-0.006112889764002748,0.001592912389316578,tied_shape,1009,-20444.40961243316,0.16954316664487123
0.01,47,146,1,0.9093322341701586,0.0,0.0,0.11213766513112967,0.0021783973428655835,0.0001118382595326411,tied_shape,1004,-29863.345935075402,0.17157750017940998
0.01,47,146,2,0.09066776582984262,0.0,0.0,1873.7515235002422,36.39968190179623,1.8687486398067352,tied_shape,1004,-29863.345935075402,0.17157750017940998
0.01,47,147,1,0.9093322341701586,0.0,0.0,0.11213766513112967,0.0021783973428655835,0.0001118382595326411,tied_shape,1004,-29863.345935075402,0.17163158301264048
0.01,47,147,2,0.09066776582984262,0.0,0.0,1873.7515235002422,36.39968190179623,1.8687486398067352,tied_shape,1004,-29863.345935075402,0.17163158301264048
0.01,47,148,1,0.09065318663815519,0.0,0.0,1873.6328511519944,29.177434357700754,1.2011534393403507,tied_shape,1001,-33402.382176466286,0.1727877091616392
0.01,47,148,2,0.9093468133618485,0.0,0.0,0.11212031205170282,0.001746010720852855,7.187838234049575e-05,tied_shape,1001,-33402.382176466286,0.1727877091616392
0.01,47,149,1,0.9093316851626132,0.0,0.0,0.11215705325518308,0.0026109650778272223,0.0001606116810053064,tied_shape,1004,-26967.20174051526,0.17074849922209978
0.01,47,149,2,0.0906683148373886,0.0,0.0,1873.96952748916,43.625156431795475,2.6835708252601105,tied_shape,1004,-26967.20174051526,0.17074849922209978
0.01,47,150,1,0.09065318663815518,0.0,0.0,1873.6328511519944,29.17743435770065,1.2011534393403442,tied_shape,1001,-33402.3821764663,0.17286416701972485
0.01,47,150,2,0.9093468133618485,0.0,0.0,0.11212031205170296,0.001746010720852851,7.187838234049545e-05,tied_shape,1001,-33402.3821764663,0.17286416701972485
0.01,47,151,1,0.07405417631534,0.0,0.0,1147.9360497855707,0.0,0.0005739677379089163,tied_shape,1008,-114819.48474530003,0.2867318755015731
0.01,47,151,2,0.9259458236846588,0.0,0.0,0.021894558833861617,0.0,1.0947273943293836e-08,tied_shape,1008,-114819.48474530003,0.2867318755015731
0.01,47,152,1,0.07405417631534,0.0,0.0,1147.9360497855707,0.0,0.0005739677379089163,tied_shape,1008,-114819.48474530003,0.5409780824556947
0.01,47,152,2,0.9259458236846588,0.0,0.0,0.021894558833861617,0.0,1.0947273943293836e-08,tied_shape,1008,-114819.48474530003,0.5409780824556947
0.01,47,153,1,0.9121266498703373,0.0,0.0,0.08794631107925255,0.0017515298366667324,8.195979589180407e-05,tied_shape,1004,-35066.77612778566,0.20600295718759298
0.01,47,153,2,0.08787335012966212,0.0,0.0,1933.4617125222626,38.506627918523506,1.8018507584717378,tied_shape,1004,-35066.77612778566,0.20600295718759298
0.01,47,154,1,0.9121164561201445,0.0,0.0,0.08793747044999582,0.0017864540004447426,8.526760349930089e-05,tied_shape,1003,-34749.24121226406,0.17561191599816084
0.01,47,154,2,0.08788354387985564,0.0,0.0,1933.2726823348548,39.27452881728649,1.8745766473587042,tied_shape,1003,-34749.24121226406,0.17561191599816084
0.01,47,155,1,0.9121266498703376,0.0,0.0,0.08794631107925184,0.0017515298366667408,8.195979589180523e-05,tied_shape,1004,-35066.77612778563,0.18653287459164858
0.01,47,155,2,0.08787335012966196,0.0,0.0,1933.461712522265,38.50662791852405,1.80185075847178,tied_shape,1004,-35066.77612778563,0.18653287459164858
0.01,47,156,1,0.08725417298980198,0.0,0.0,1827.738274856266,2.9641336723197322,0.012202256173794765,tied_shape,1008,-75543.0437014062,0.20046466775238514
0.01,47,156,2,0.9127458270101989,0.0,0.0,0.08102118748742303,0.0001313960720233245,5.409096580331437e-07,tied_shape,1008,-75543.0437014062,0.20046466775238514
0.01,47,157,1,0.08753327382313537,0.0,0.0,1906.0931310757005,5.933360068589997,0.04432486524151572,tied_shape,1008,-64863.466283045935,0.18064958322793245
0.01,47,157,2,0.9124667261768651,0.0,0.0,0.08610384627648932,0.0002680273670366862,2.0022848415741967e-06,tied_shape,1008,-64863.466283045935,0.18064958322793245
0.01,47,158,1,0.08759485824486579,0.0,0.0,1924.7243400462876,9.112776789987514,0.10227958348418192,tied_shape,1008,-58094.73881759536,0.1787764998152852
0.01,47,158,2,0.9124051417551367,0.0,0.0,0.08730596283453287,0.00041335776515763825,4.639426710937079e-06,tied_shape,1008,-58094.73881759536,0.1787764998152852
0.01,47,159,1,0.08790500721202699,0.0,0.0,1933.178959802938,52.286867144011715,3.3219256999342797,tied_shape,1009,-30168.768801033282,0.17667620722204447
0.01,47,159,2,0.9120949927879715,0.0,0.0,0.08793813511909386,0.0023784707383391543,0.00015111066131517865,tied_shape,1009,-30168.768801033282,0.17667620722204447
0.01,47,160,1,0.08762738402424958,0.0,0.0,1934.7803734202373,16.34747917241201,0.32532213632980794,tied_shape,1008,-48795.94248447045,0.17617199942469597
0.01,47,160,2,0.9123726159757514,0.0,0.0,0.08795386117241619,0.0007431458026977791,1.4788933363265472e-05,tied_shape,1008,-48795.94248447045,0.17617199942469597
0.01,47,161,1,0.08759485824486607,0.0,0.0,1924.72434004628,9.11277678998719,0.1022795834841758,tied_shape,1008,-58094.73881759546,0.1789742922410369
0.01,47,161,2,0.9124051417551368,0.0,0.0,0.08730596283453433,0.0004133577651576321,4.639426710936898e-06,tied_shape,1008,-58094.73881759546,0.1789742922410369
0.01,47,162,1,0.08990177707721228,0.0,0.0,1884.8922541364298,14.05427148073747,0.26554277860884823,tied_shape,1001,-45364.15719808259,0.17740795761346817
0.01,47,162,2,0.9100982229227863,0.0,0.0,0.11617782745875753,0.0008662536140007246,1.6367080425120608e-05,tied_shape,1001,-45364.15719808259,0.17740795761346817
0.01,47,163,1,0.08990177707997105,0.0,0.0,1884.8922544787422,14.054271993792911,0.2655427978795964,tied_shape,1001,-45364.15661551687,0.17715300060808659
0.01,47,163,2,0.9100982229200284,0.0,0.0,0.11617782749081185,0.000866253645705262,1.636708161444206e-05,tied_shape,1001,-45364.15661551687,0.17715300060808659
0.01,47,164,1,0.08990177707721236,0.0,0.0,1884.892254136428,14.054271480737286,0.2655427786088453,tied_shape,1001,-45364.15719808261,0.17368937470018864
0.01,47,164,2,0.9100982229227864,0.0,0.0,0.11617782745875738,0.000866253614000713,1.6367080425120422e-05,tied_shape,1001,-45364.15719808261,0.17368937470018864
0.01,47,165,1,0.9082139231308061,0.0,0.0,0.09548281474592568,-0.0011840088928358767,3.816422721517935e-05,tied_shape,1003,-39387.32383006055,0.1738742496818304
0.01,47,165,2,0.091786076869194,0.0,0.0,1849.951809737167,-22.93982849034196,0.739420820299541,tied_shape,1003,-39387.32383006055,0.1738742496818304
0.01,47,166,1,0.07186112377543646,0.0,0.0,2365.852084908084,-177.9142955095121,29.631168750246246,tied_shape,1008,-28028.072978009248,0.16937558352947235
0.01,47,166,2,0.9281388762245649,0.0,0.0,0.04354426399419703,-0.0032745694886959775,0.0005453711340400437,tied_shape,1008,-28028.072978009248,0.16937558352947235
0.01,47,167,1,0.07536503495053468,0.0,0.0,2255.904506071622,199.45990889887344,39.40461256686813,tied_shape,1008,-25209.36951863744,0.16898729093372822
0.01,47,167,2,0.9246349650494657,0.0,0.0,0.04181881753151243,0.003697486978125332,0.0007304627914872753,tied_shape,1008,-25209.36951863744,0.16898729093372822
0.01,47,168,1,0.07536503495053468,0.0,0.0,2255.904506071622,199.45990889887344,39.40461256686813,tied_shape,1008,-25209.36951863744,0.1688757911324501
0.01,47,168,2,0.9246349650494657,0.0,0.0,0.04181881753151243,0.003697486978125332,0.0007304627914872753,tied_shape,1008,-25209.36951863744,0.1688757911324501
0.01,47,169,1,0.09180018418862669,0.0,0.0,1850.0711079675466,-25.888510054653622,0.9414142732943512,tied_shape,1001,-37452.26431204384,0.1742825834080577
0.01,47,169,2,0.9081998158113768,0.0,0.0,0.09549658370961744,-0.0013363077002307689,4.8593725164351745e-05,tied_shape,1001,-37452.26431204384,0.1742825834080577
0.01,47,170,1,0.07186112378887599,0.0,0.0,2365.852172076449,-178.00488781064385,29.66134996525492,tied_shape,1008,-28019.92862674863,0.1689170841127634
0.01,47,170,2,0.9281388762111253,0.0,0.0,0.043544265490682875,-0.0032762368608445047,0.0005459266275988534,tied_shape,1008,-28019.92862674863,0.1689170841127634
0.01,47,171,1,0.09685198127464847,0.0,0.0,1754.7773547576737,-64.10481617356875,7.931990237604477,tied_shape,1008,-17019.813564013737,0.18039891682565212
0.01,47,171,2,0.9031480187253526,0.0,0.0,0.10232977948599498,-0.003738270091784616,0.0004625537306476239,tied_shape,1008,-17019.813564013737,0.18039891682565212
0.01,47,172,1,0.07452703849467265,0.0,0.0,2280.7736907297212,-77.640289262343,5.832278442812873,tied_shape,1009,-37130.01735142526,0.16874574963003397
0.01,47,172,2,0.925472961505328,0.0,0.0,0.05368156595690319,-0.0018273852973181338,0.0001372717693032989,tied_shape,1009,-37130.01735142526,0.16874574963003397
0.01,47,173,1,0.08490509082166883,0.0,0.0,1999.7664641011036,25.276727831870268,0.7396393213890377,tied_shape,1008,-45829.78826158442,0.17306616716086864
0.01,47,173,2,0.9150949091783303,0.0,0.0,0.0728752964761893,0.0009211320760514371,2.6953864763354912e-05,tied_shape,1008,-45829.78826158442,0.17306616716086864
0.01,47,174,1,0.08063231142772263,0.0,0.0,2107.522388766511,43.52668960940523,2.105519862742395,tied_shape,1008,-42672.09018568963,0.17296270839869976
0.01,47,174,2,0.9193676885722742,0.0,0.0,0.0551871757395285,0.00113978151863908,5.513473797839014e-05,tied_shape,1008,-42672.09018568963,0.17296270839869976
0.01,47,175,1,0.08063231142772263,0.0,0.0,2107.522388766511,43.52668960940523,2.105519862742395,tied_shape,1008,-42672.09018568963,0.17281754221767187
0.01,47,175,2,0.9193676885722742,0.0,0.0,0.0551871757395285,0.00113978151863908,5.513473797839014e-05,tied_shape,1008,-42672.09018568963,0.17281754221767187
0.01,47,176,1,0.9082139231308061,0.0,0.0,0.09548281474592547,-0.001184008892835887,3.8164227215179745e-05,tied_shape,1003,-39387.32383006054,0.17337204236537218
0.01,47,176,2,0.09178607686919395,0.0,0.0,1849.9518097371674,-22.93982849034222,0.7394208202995505,tied_shape,1003,-39387.32383006054,0.17337204236537218
0.01,47,177,1,0.07186112378887595,0.0,0.0,2365.852172076449,178.00488781064368,29.661349965254885,tied_shape,1008,-28019.92862674864,0.16876912489533424
0.01,47,177,2,0.9281388762111253,0.0,0.0,0.04354426549068288,0.003276236860844502,0.0005459266275988527,tied_shape,1008,-28019.92862674864,0.16876912489533424
0.01,47,178,1,0.08728274712383072,0.0,0.0,1947.2338730769234,-63.447154070296115,5.593522600287136,tied_shape,1008,-26220.725245297912,0.17464545834809542
0.01,47,178,2,0.912717252876168,0.0,0.0,0.08328389197935954,-0.002713657562683319,0.0002392369701798101,tied_shape,1008,-26220.725245297912,0.17464545834809542
0.01,47,179,1,0.07452703849467265,0.0,0.0,2280.7736907297212,-77.640289262343,5.832278442812873,tied_shape,1009,-37130.01735142526,0.1686410829424858
0.01,47,179,2,0.925472961505328,0.0,0.0,0.05368156595690318,-0.0018273852973181336,0.0001372717693032989,tied_shape,1009,-37130.01735142526,0.1686410829424858
0.01,47,180,1,0.08490512256468329,0.0,0.0,1999.7802104792727,-25.354335885709368,0.7441769256921306,tied_shape,1008,-45780.81374079286,0.2184341661632061
0.01,47,180,2,0.915094877435316,0.0,0.0,0.07287596809926569,-0.0009239624252218163,2.7119287216044502e-05,tied_shape,1008,-45780.81374079286,0.2184341661632061
0.01,47,181,1,0.0849051225646833,0.0,0.0,1999.780210479271,25.354335885708753,0.7441769256921091,tied_shape,1008,-45780.81374079296,0.1732384581118822
0.01,47,181,2,0.915094877435316,0.0,0.0,0.07287596809926566,0.0009239624252217944,2.7119287216043733e-05,tied_shape,1008,-45780.81374079296,0.1732384581118822
0.01,47,182,1,0.08490512256468326,0.0,0.0,1999.780210479273,-25.354335885709368,0.7441769256921307,tied_shape,1008,-45780.81374079285,0.17274849954992533
0.01,47,182,2,0.9150948774353159,0.0,0.0,0.07287596809926569,-0.0009239624252218163,2.7119287216044502e-05,tied_shape,1008,-45780.81374079285,0.17274849954992533
0.01,47,183,1,0.07405417631534,0.0,0.0,1147.9360497855707,2.6034951337231307e-13,0.0005739677379089163,tied_shape,1008,-114819.48474530003,0.16604687459766865
0.01,47,183,2,0.9259458236846588,0.0,0.0,0.021894558833861617,4.965640497972103e-18,1.0947273943293836e-08,tied_shape,1008,-114819.48474530003,0.16604687459766865
0.01,47,184,1,0.07405417631534,0.0,0.0,1147.9360497855707,2.6034951337231307e-13,0.0005739677379089163,tied_shape,1008,-114819.48474530003,0.16570270899683237
0.01,47,184,2,0.9259458236846588,0.0,0.0,0.021894558833861617,4.965640497972103e-18,1.0947273943293836e-08,tied_shape,1008,-114819.48474530003,0.16570270899683237
0.01,47,185,1,0.07405417631534,0.0,0.0,1147.9360497855707,1.78344706581998e-13,0.0005739677379089163,tied_shape,1008,-114819.48474530003,0.16570766735821962
0.01,47,185,2,0.9259458236846588,0.0,0.0,0.021894558833861617,3.4015646356752515e-18,1.0947273943293836e-08,tied_shape,1008,-114819.48474530003,0.16570766735821962
0.01,47,186,1,0.07405417631534,0.0,0.0,1147.9360497855707,4.6717643041721866e-14,0.0005739677379089163,tied_shape,1008,-114819.48474530003,0.16574433259665966
0.01,47,186,2,0.9259458236846588,0.0,0.0,0.021894558833861617,8.910445702505738e-19,1.0947273943293836e-08,tied_shape,1008,-114819.48474530003,0.16574433259665966
0.01,47,187,1,0.07405417631534,0.0,0.0,1147.9360497855707,9.224277871466684e-14,0.0005739677379089163,tied_shape,1008,-114819.48474530003,0.16579262539744377
0.01,47,187,2,0.9259458236846588,0.0,0.0,0.021894558833861617,1.759344473888076e-18,1.0947273943293836e-08,tied_shape,1008,-114819.48474530003,0.16579262539744377
0.01,47,188,1,0.07405417631534,0.0,0.0,1147.9360497855707,1.3128159305064621e-13,0.0005739677379089163,tied_shape,1008,-114819.48474530003,0.1656743325293064
0.01,47,188,2,0.9259458236846588,0.0,0.0,0.021894558833861617,2.5039309144332284e-18,1.0947273943293836e-08,tied_shape,1008,-114819.48474530003,0.1656743325293064
0.01,47,189,1,0.07405417631534,0.0,0.0,1147.9360497855707,1.7521870113294203e-13,0.0005739677379089163,tied_shape,1008,-114819.48474530003,0.1659260420128703
0.01,47,189,2,0.9259458236846588,0.0,0.0,0.021894558833861617,3.3419424030324906e-18,1.0947273943293836e-08,tied_shape,1008,-114819.48474530003,0.1659260420128703
0.01,47,190,1,0.07405417631534,0.0,0.0,1147.9360497855707,-1.832708998233316e-13,0.0005739677379089163,tied_shape,1008,-114819.48474530003,0.599337624385953
0.01,47,190,2,0.9259458236846588,0.0,0.0,0.021894558833861617,-3.495521810179439e-18,1.0947273943293836e-08,tied_shape,1008,-114819.48474530003,0.599337624385953
0.01,47,191,1,0.07405417631534,0.0,0.0,1147.9360497855707,-3.3988513919880767e-14,0.0005739677379089163,tied_shape,1008,-114819.48474530003,0.21526633389294147
0.01,47,191,2,0.9259458236846588,0.0,0.0,0.021894558833861617,-6.482621726474749e-19,1.0947273943293836e-08,tied_shape,1008,-114819.48474530003,0.21526633389294147
0.01,47,192,1,0.07405417631534,0.0,0.0,1147.9360497855707,-9.208769852508423e-14,0.0005739677379089163,tied_shape,1008,-114819.48474530003,0.5146525846794248
0.01,47,192,2,0.9259458236846588,0.0,0.0,0.021894558833861617,-1.7563866328694783e-18,1.0947273943293836e-08,tied_shape,1008,-114819.48474530003,0.5146525846794248
0.01,47,193,1,0.07405417631534,0.0,0.0,1147.9360497855707,4.3836217726854954e-14,0.0005739677379089163,tied_shape,1008,-114819.48474530003,0.2763259168714285
0.01,47,193,2,0.9259458236846588,0.0,0.0,0.021894558833861617,8.360872090861464e-19,1.0947273943293836e-08,tied_shape,1008,-114819.48474530003,0.2763259168714285
0.01,47,194,1,0.07405417631534,0.0,0.0,1147.9360497855707,-1.7654994687940736e-13,0.0005739677379089163,tied_shape,1008,-114819.48474530003,0.16883679199963808
0.01,47,194,2,0.9259458236846588,0.0,0.0,0.021894558833861617,-3.3673332236481143e-18,1.0947273943293836e-08,tied_shape,1008,-114819.48474530003,0.16883679199963808
0.01,47,195,1,0.07405417631534,0.0,0.0,1147.9360497855707,2.3199535643505875e-16,0.0005739677379089163,tied_shape,1008,-114819.48474530003,0.16676137503236532
0.01,47,195,2,0.9259458236846588,0.0,0.0,0.021894558833861617,4.4248422911702315e-21,1.0947273943293836e-08,tied_shape,1008,-114819.48474530003,0.16676137503236532
0.01,47,196,1,0.07405417631534,0.0,0.0,1147.9360497855707,-6.34629802778656e-14,0.0005739677379089163,tied_shape,1008,-114819.48474530003,0.1666502095758915
0.01,47,196,2,0.9259458236846588,0.0,0.0,0.021894558833861617,-1.2104280161995776e-18,1.0947273943293836e-08,tied_shape,1008,-114819.48474530003,0.1666502095758915
0.01,47,197,1,0.07405417631534,0.0,0.0,1147.9360497855707,0.0,0.0005739677379089163,tied_shape,1008,-114819.48474530003,0.22707508318126202
0.01,47,197,2,0.9259458236846588,0.0,0.0,0.021894558833861617,0.0,1.0947273943293836e-08,tied_shape,1008,-114819.48474530003,0.22707508318126202
0.01,47,198,1,0.07405417631534,0.0,0.0,1147.9360497855707,0.0,0.0005739677379089163,tied_shape,1008,-114819.48474530003,0.1695091249421239
0.01,47,198,2,0.9259458236846588,0.0,0.0,0.021894558833861617,0.0,1.0947273943293836e-08,tied_shape,1008,-114819.48474530003,0.1695091249421239
0.01,47,199,1,0.07405417631534,0.0,0.0,1147.9360497855707,0.0,0.0005739677379089163,tied_shape,1008,-114819.48474530003,0.1669419165700674
0.01,47,199,2,0.9259458236846588,0.0,0.0,0.021894558833861617,0.0,1.0947273943293836e-08,tied_shape,1008,-114819.48474530003,0.1669419165700674
0.01,47,200,1,0.09943144680047995,0.0,0.0,1701.2233612585267,2.8012537523742793,0.1064014244485109,tied_shape,1009,-37722.52600568446,0.18310420960187912
0.01,47,200,2,0.9005685531995185,0.0,0.0,0.21519518591742398,0.0003543428427870369,1.3459181690955212e-05,tied_shape,1009,-37722.52600568446,0.18310420960187912
0.01,47,201,1,0.09943144680048004,0.0,0.0,1701.2233612585253,-2.8012537523743464,0.1064014244485119,tied_shape,1009,-37722.52600568439,0.18510858342051506
0.01,47,201,2,0.9005685531995187,0.0,0.0,0.21519518591742395,-0.0003543428427870456,1.3459181690955347e-05,tied_shape,1009,-37722.52600568439,0.18510858342051506
0.01,47,202,1,0.08867388160884301,0.0,0.0,1156.693513375501,-0.09862231305724548,0.0007375484424547523,tied_shape,1000,-97625.14488159325,0.17460341658443213
0.01,47,202,2,0.9113261183911572,0.0,0.0,0.05070283029743255,-4.323038337000234e-06,3.232990682621654e-08,tied_shape,1000,-97625.14488159325,0.17460341658443213
0.01,47,203,1,0.08867388160884289,0.0,0.0,1156.6935133754973,0.09862231305713555,0.0007375484424547262,tied_shape,1000,-97625.14488159354,0.23069595824927092
0.01,47,203,2,0.9113261183911567,0.0,0.0,0.05070283029743186,4.3230383369953705e-06,3.2329906826215057e-08,tied_shape,1000,-97625.14488159354,0.23069595824927092
0.01,47,204,1,0.08867388160884036,0.0,0.0,1156.69351337543,-0.09862231305724146,0.0007375484424546064,tied_shape,1000,-97625.14488159907,0.18054587487131357
0.01,47,204,2,0.9113261183911595,0.0,0.0,0.05070283029741816,-4.323038336999097e-06,3.232990682620295e-08,tied_shape,1000,-97625.14488159907,0.18054587487131357
0.01,47,205,1,0.07405417631534,0.0,0.0,1147.9360497855707,0.0,0.0005739677379089163,tied_shape,1008,-114819.48474530003,0.19453470781445503
0.01,47,205,2,0.9259458236846588,0.0,0.0,0.021894558833861617,0.0,1.0947273943293836e-08,tied_shape,1008,-114819.48474530003,0.19453470781445503
0.01,47,206,1,0.07405417631534,0.0,0.0,1147.9360497855707,0.0,0.0005739677379089163,tied_shape,1008,-114819.48474530003,0.17163091618567705
0.01,47,206,2,0.9259458236846588,0.0,0.0,0.021894558833861617,0.0,1.0947273943293836e-08,tied_shape,1008,-114819.48474530003,0.17163091618567705
0.01,47,207,1,0.07405417631534,0.0,0.0,1147.9360497855707,0.0,0.0005739677379089163,tied_shape,1008,-114819.48474530003,0.17885516677051783
0.01,47,207,2,0.9259458236846588,0.0,0.0,0.021894558833861617,0.0,1.0947273943293836e-08,tied_shape,1008,-114819.48474530003,0.17885516677051783
0.01,47,208,1,0.07671592285099746,0.0,0.0,2216.0944385782627,-101.74290666019303,12.897651747621312,tied_shape,1008,-32724.9066354168,0.17301725037395954
0.01,47,208,2,0.9232840771490028,0.0,0.0,0.041409421879340096,-0.0019011441352766456,0.0002410025011446269,tied_shape,1008,-32724.9066354168,0.17301725037395954
0.01,47,209,1,0.07671592285099746,0.0,0.0,2216.0944385782627,101.74290666019292,12.897651747621312,tied_shape,1008,-32724.9066354168,0.23468204215168953
0.01,47,209,2,0.9232840771490028,0.0,0.0,0.04140942187934006,0.0019011441352766421,0.00024100250114462667,tied_shape,1008,-32724.9066354168,0.23468204215168953
