line_id,component,weight,cov_11,cov_12,cov_22,mean_Omega,mean_Lambda,bic
1,1,0.351548733342191,1.5409767409630766,11.060863401495638,79.72576680778003,0.0,0.0,12973.051229493849
1,2,0.040310080514008466,6100.300980021012,43786.900901471265,315612.27399608144,0.0,0.0,12973.051229493849
1,3,0.6081411861438041,54.97430830424232,394.59603677399144,2844.2148202339717,0.0,0.0,12973.051229493849
2,1,0.10831462358801056,2039.8326015276798,-0.4265049918247308,0.053175576548853846,0.0,0.0,4908.441508965362
2,2,0.3303474949159392,5.214190137755991,-0.0010902257961808704,0.00013592662780410026,0.0,0.0,4908.441508965362
2,3,0.5613378814960522,98.71179224981722,-0.020639474099483614,0.002573278052877265,0.0,0.0,4908.441508965362
3,1,0.10831462358801035,2039.8326015276825,0.426504991824673,0.053175576548853964,0.0,0.0,4908.441508965364
3,2,0.3303474949159391,5.214190137755991,0.001090225796180721,0.00013592662780410037,0.0,0.0,4908.441508965364
3,3,0.561337881496053,98.7117922498174,0.02063947409948082,0.0025732780528772716,0.0,0.0,4908.441508965364
4,1,0.6738868677246934,6.843649435485087,0.00238161781851515,0.00011558487436766221,0.0,0.0,2068.7303016386213
4,2,0.04833138917661392,4967.788115017466,1.7288104548410093,0.08390277301203686,0.0,0.0,2068.7303016386213
4,3,0.27778174309869574,114.75193157081462,0.03993413857831714,0.0019380869401763915,0.0,0.0,2068.7303016386213
5,1,0.06376332985189376,3487.8829709004367,1.5315655914624338,0.1994438611129241,0.0,0.0,5327.465604414644
5,2,0.41817587344638674,120.51682382057513,0.052920187430566736,0.0068913839347185075,0.0,0.0,5327.465604414644
5,3,0.5180607967017221,13.021774468847239,0.005717996240889283,0.0007446101260496466,0.0,0.0,5327.465604414644
6,1,0.5456792394867858,5.519467682231127,-0.0018238669051058927,9.63603583347785e-05,0.0,0.0,2720.433816190863
6,2,0.06691701469405609,3571.5583896571493,-1.1801948161631064,0.062353231517034514,0.0,0.0,2720.433816190863
6,3,0.38740374581916137,89.6176110401386,-0.029613470773089096,0.0015645684711109325,0.0,0.0,2720.433816190863
7,1,0.5456792394867851,5.5194676822311015,-0.0018238669051060168,9.636035833478053e-05,0.0,0.0,2720.433816190884
7,2,0.06691701469405635,3571.5583896571434,-1.18019481616319,0.06235323151703601,0.0,0.0,2720.433816190884
7,3,0.38740374581916126,89.61761104013785,-0.029613470773090997,0.0015645684711109596,0.0,0.0,2720.433816190884
8,1,0.37679886394477025,5.259555088018924,0.0,2.6297762291213475e-06,0.0,0.0,-9327.627913682485
8,2,0.5869952189746508,0.12597419206456234,0.0,6.298706453874889e-08,0.0,0.0,-9327.627913682485
8,3,0.036205917080581046,3820.6814330999487,0.0,0.0019103397613800936,0.0,0.0,-9327.627913682485
9,1,0.46069986868135615,4.458670376586801,-0.006728292662504852,0.0016193089031703509,0.0,0.0,6376.599370403409
9,2,0.08724906253394055,2858.0031355619717,-4.3128286915746425,1.0379753450729623,0.0,0.0,6376.599370403409
9,3,0.4520510687847063,64.52221120471481,-0.09736631855472606,0.02343330684517095,0.0,0.0,6376.599370403409
10,1,0.37679886394477025,5.259555088018924,0.0,2.6297762291213475e-06,0.0,0.0,-9327.627913682485
10,2,0.5869952189746508,0.12597419206456234,0.0,6.298706453874889e-08,0.0,0.0,-9327.627913682485
10,3,0.036205917080581046,3820.6814330999487,0.0,0.0019103397613800936,0.0,0.0,-9327.627913682485
11,1,0.37679886394477025,5.259555088018924,0.0,2.6297762291213475e-06,0.0,0.0,-9327.627913682485
11,2,0.5869952189746508,0.12597419206456234,0.0,6.298706453874889e-08,0.0,0.0,-9327.627913682485
11,3,0.036205917080581046,3820.6814330999487,0.0,0.0019103397613800936,0.0,0.0,-9327.627913682485
12,1,0.6738868677246905,6.843649435485045,-0.0023816178185150074,0.0001155848743676682,0.0,0.0,2068.7303016386913
12,2,0.04833138917661493,4967.788115017379,-1.728810454840886,0.08390277301204024,0.0,0.0,2068.7303016386913
12,3,0.27778174309869763,114.75193157081135,-0.039934138578313856,0.0019380869401764485,0.0,0.0,2068.7303016386913
13,1,0.6663735200932775,6.711782714811659,-0.002627519979806766,0.00014255856900468428,0.0,0.0,2345.361365324097
13,2,0.05025223953395081,4812.15927636088,-1.8838578633881604,0.10221048109121847,0.0,0.0,2345.361365324097
13,3,0.28337424037277403,109.92850534643662,-0.043034668495844225,0.0023348864349300594,0.0,0.0,2345.361365324097
14,1,0.0911714419126555,2577.004430866686,-1.0607480504918194,0.13986520774992556,0.0,0.0,4955.022974227607
14,2,0.42453733567014096,5.481277755371909,-0.002256206711782605,0.0002974927178267617,0.0,0.0,4955.022974227607
14,3,0.4842912224172061,87.13859266820167,-0.03586803778381915,0.004729389371858887,0.0,0.0,4955.022974227607
15,1,0.08486408384710036,2708.3735368977514,1.7876302271202187,0.6202886917853792,0.0,0.0,6904.887382051703
15,2,0.4604967031096051,101.19524230836646,0.0667927342837644,0.02317636899460328,0.0,0.0,6904.887382051703
15,3,0.454639213043297,8.84931649523593,0.005840887691716701,0.0020267259583078333,0.0,0.0,6904.887382051703
16,1,0.038299933986732454,5054.691920827704,0.34471033837724874,0.05020658245878608,0.0,0.0,3849.5492862703127
16,2,0.3891790223691531,166.33549885478232,0.011343434375915729,0.0016521554765118998,0.0,0.0,3849.5492862703127
16,3,0.5725210436441172,26.85514879484104,0.0018314167457163535,0.00026674330770892394,0.0,0.0,3849.5492862703127
17,1,0.5456792394867835,5.5194676822310536,-0.001823866905106582,9.636035833478285e-05,0.0,0.0,2720.4338161909195
17,2,0.0669170146940567,3571.558389657128,-1.1801948161635611,0.06235323151703779,0.0,0.0,2720.4338161909195
17,3,0.3874037458191628,89.61761104013728,-0.029613470773100243,0.0015645684711110008,0.0,0.0,2720.4338161909195
18,1,0.6250776209374623,10.618764010678818,-0.0034814912090418925,0.0003040134293151935,0.0,0.0,3255.9729244987134
18,2,0.033746438287949265,7024.495972036408,-2.3030666233848787,0.20111013932713195,0.0,0.0,3255.9729244987134
18,3,0.3411759407745899,101.48359074861737,-0.03327263217244532,0.002905458150466472,0.0,0.0,3255.9729244987134
19,1,0.5959111613434773,11.238483005677184,-0.004060927411024,0.00046791682820763265,0.0,0.0,3987.222076785624
19,2,0.03355626975933319,6915.569379062102,-2.4988804307560826,0.2879313237797243,0.0,0.0,3987.222076785624
19,3,0.37053256889719133,108.82973988668277,-0.03932467341163293,0.004531151284093602,0.0,0.0,3987.222076785624
20,1,0.6250776209374627,10.618764010678717,-0.0034814912090419137,0.0003040134293151946,0.0,0.0,3255.972924498711
20,2,0.03374643828794942,7024.49597203639,-2.303066623384909,0.20111013932713415,0.0,0.0,3255.972924498711
20,3,0.3411759407745898,101.48359074861652,-0.03327263217244556,0.0029054581504664857,0.0,0.0,3255.972924498711
21,1,0.5959111613434768,11.238483005677201,-0.0040609274110241615,0.00046791682820763184,0.0,0.0,3987.222076785631
21,2,0.03355626975933323,6915.569379062092,-2.4988804307561736,0.2879313237797229,0.0,0.0,3987.222076785631
21,3,0.37053256889719205,108.82973988668304,-0.03932467341163452,0.004531151284093598,0.0,0.0,3987.222076785631
22,1,0.046802286148757116,4459.78404304657,1.549830821086402,0.08428807688304413,0.0,0.0,4002.847950350818
22,2,0.3834866757232174,157.54830229106545,0.0547500085976654,0.00297759785857948,0.0,0.0,4002.847950350818
22,3,0.5697110381280286,13.849759691599113,0.004812964983841992,0.00026175473933929264,0.0,0.0,4002.847950350818
23,1,0.07104404185285115,3799.4597901456523,8.061102005373682,1.2773483738631326,0.0,0.0,3232.5077361093986
23,2,0.36786921306407017,27.059252871297627,0.05741010818181838,0.00909710710526517,0.0,0.0,3232.5077361093986
23,3,0.5610867450830813,1.2104367694336424,0.002568116208195356,0.0004069392820290737,0.0,0.0,3232.5077361093986
24,1,0.07104404185285115,3799.4597901456523,8.061102005373682,1.2773483738631326,0.0,0.0,3232.5077361093986
24,2,0.36786921306407017,27.059252871297627,0.05741010818181838,0.00909710710526517,0.0,0.0,3232.5077361093986
24,3,0.5610867450830813,1.2104367694336424,0.002568116208195356,0.0004069392820290737,0.0,0.0,3232.5077361093986
25,1,0.04680228614875714,4459.784043046569,1.5498308210864153,0.0842880768830443,0.0,0.0,4002.847950350815
25,2,0.38348667572321815,157.54830229106543,0.054750008597665864,0.002977597858579486,0.0,0.0,4002.847950350815
25,3,0.5697110381280274,13.849759691599012,0.004812964983841999,0.0002617547393392913,0.0,0.0,4002.847950350815
26,1,0.05946548460006226,4462.426507494567,-1.9568290151215955,0.16525891607544385,0.0,0.0,1293.1986713137317
26,2,0.5961076423630681,2.3703897360204844,-0.0010394451101438,8.778363919118945e-05,0.0,0.0,1293.1986713137317
26,3,0.3444268730368719,35.1173721027066,-0.015399400427096357,0.0013005163982789442,0.0,0.0,1293.1986713137317
27,1,0.05946548460006215,4462.426507494575,-1.9568290151219634,0.16525891607544405,0.0,0.0,1293.1986713137326
27,2,0.5961076423630681,2.3703897360204893,-0.0010394451101439957,8.778363919118957e-05,0.0,0.0,1293.1986713137326
27,3,0.34442687303687214,35.11737210270666,-0.015399400427099252,0.0013005163982789457,0.0,0.0,1293.1986713137326
28,1,0.0748608528232247,3519.695342108667,6.462799195806364,0.17932958907986885,0.0,0.0,2232.732433948531
28,2,0.5185994944044007,2.1225993638039933,0.0038974775166742324,0.0001081471078301098,0.0,0.0,2232.732433948531
28,3,0.4065396527723765,36.18475168674666,0.06644176878145816,0.0018436245243469796,0.0,0.0,2232.732433948531
29,1,0.6021814732811694,1.7047232910976993,0.006183016812472023,0.0011586607088583225,0.0,0.0,4277.072951248129
29,2,0.07415782685770213,3636.6565484598686,13.190122231412149,2.4717507388542415,0.0,0.0,4277.072951248129
29,3,0.3236606998611319,30.759422733275162,0.11156416345981322,0.020906463080738687,0.0,0.0,4277.072951248129
30,1,0.0748608528232247,3519.6953421086682,6.462799195806371,0.17932958907986934,0.0,0.0,2232.732433948531
30,2,0.5185994944044012,2.1225993638039897,0.0038974775166742276,0.00010814710783010987,0.0,0.0,2232.732433948531
30,3,0.40653965277237636,36.18475168674661,0.06644176878145809,0.001843624524346981,0.0,0.0,2232.732433948531
31,1,0.07486085282322474,3519.695342108667,6.46279919580637,0.1793295890798698,0.0,0.0,2232.7324339485353
31,2,0.5185994944044006,2.1225993638039893,0.003897477516674228,0.00010814710783011016,0.0,0.0,2232.7324339485353
31,3,0.4065396527723767,36.1847516867466,0.0664417687814581,0.001843624524346986,0.0,0.0,2232.7324339485353
32,1,0.07486085282322476,3519.695342108665,6.462799195806356,0.17932958907986832,0.0,0.0,2232.732433948529
32,2,0.5185994944044002,2.12259936380399,0.0038974775166742233,0.00010814710783010936,0.0,0.0,2232.732433948529
32,3,0.4065396527723772,36.18475168674655,0.0664417687814579,0.0018436245243469691,0.0,0.0,2232.732433948529
33,1,0.08113582095618842,3210.559191250953,14.379976453335136,0.5758580472055271,0.0,0.0,4339.172129039465
33,2,0.46244279246595554,2.508717447122361,0.011236453112591365,0.00044997305579263375,0.0,0.0,4339.172129039465
33,3,0.45642138657785886,40.9312333926213,0.1833294878960081,0.007341580929397097,0.0,0.0,4339.172129039465
34,1,0.08113582095618842,3210.559191250953,14.379976453335136,0.5758580472055271,0.0,0.0,4339.172129039465
34,2,0.46244279246595554,2.508717447122361,0.011236453112591365,0.00044997305579263375,0.0,0.0,4339.172129039465
34,3,0.45642138657785886,40.9312333926213,0.1833294878960081,0.007341580929397097,0.0,0.0,4339.172129039465
35,1,0.40840049390779165,2.595498093983947,-0.005158428077887763,6.27080840646362e-05,0.0,0.0,2529.283506339191
35,2,0.08831557041569384,2870.376822899793,-5.704736378610548,0.06934924418738443,0.0,0.0,2529.283506339191
35,3,0.5032839356765169,45.18700198338413,-0.08980700094788834,0.0010917327682000064,0.0,0.0,2529.283506339191
36,1,0.40840049390779165,2.595498093983947,-0.005158428077887763,6.27080840646362e-05,0.0,0.0,2529.283506339191
36,2,0.08831557041569384,2870.376822899793,-5.704736378610548,0.06934924418738443,0.0,0.0,2529.283506339191
36,3,0.5032839356765169,45.18700198338413,-0.08980700094788834,0.0010917327682000064,0.0,0.0,2529.283506339191
37,1,0.08891680114643304,2780.1513688913647,9.92724319561829,0.15343575293688005,0.0,0.0,4010.2918727401184
37,2,0.5033570814066136,60.48040267090999,0.21596078278373282,0.0033378959957267636,0.0,0.0,4010.2918727401184
37,3,0.40772611744695647,3.6166801085969014,0.0129142835172726,0.00019960353303197668,0.0,0.0,4010.2918727401184
38,1,0.07591083615008588,3142.367719539584,-0.6349904834303367,0.006947452747439606,0.0,0.0,-2439.8599041403145
38,2,0.5573212024599609,1.3868355298257748,-0.00028024325671581945,3.0661511229330745e-06,0.0,0.0,-2439.8599041403145
38,3,0.366767961389955,24.852444140880287,-0.00502203017849077,5.4946205134912155e-05,0.0,0.0,-2439.8599041403145
39,1,0.07591083615008588,3142.367719539584,-0.6349904834303367,0.006947452747439606,0.0,0.0,-2439.8599041403145
39,2,0.5573212024599609,1.3868355298257748,-0.00028024325671581945,3.0661511229330745e-06,0.0,0.0,-2439.8599041403145
39,3,0.366767961389955,24.852444140880287,-0.00502203017849077,5.4946205134912155e-05,0.0,0.0,-2439.8599041403145
40,1,0.07729592451768946,3254.89769487469,-1.8144852988074016,0.016647364740698025,0.0,0.0,-488.5854608032356
40,2,0.4206547033910166,32.31581562947939,-0.018014874160558907,0.0001652811301947248,0.0,0.0,-488.5854608032356
40,3,0.5020493720912973,1.9476249301432802,-0.0010857289950773174,9.961241682411754e-06,0.0,0.0,-488.5854608032356
41,1,0.07729592451768955,3254.897694874686,-1.8144852988073923,0.016647364740697702,0.0,0.0,-488.58546080327017
41,2,0.4206547033910161,32.315815629479175,-0.018014874160558723,0.00016528113019472076,0.0,0.0,-488.58546080327017
41,3,0.5020493720912974,1.9476249301432735,-0.0010857289950773098,9.961241682411541e-06,0.0,0.0,-488.58546080327017
42,1,0.5829768072292948,1.5632286614702735,-0.0023109596030520744,0.0015747789331815244,0.0,0.0,4738.51144529368
42,2,0.07016222166451505,3834.795383533824,-5.669072884693763,3.863129644367557,0.0,0.0,4738.51144529368
42,3,0.3468609711061934,30.949320674186332,-0.04575314640961058,0.03117799679296301,0.0,0.0,4738.51144529368
43,1,0.46069986868135626,4.458670376586798,0.006728292662505314,0.0016193089031703593,0.0,0.0,6376.5993704034145
43,2,0.08724906253394055,2858.0031355619717,4.312828691574943,1.0379753450729687,0.0,0.0,6376.5993704034145
43,3,0.45205106878470613,64.52221120471478,0.0973663185547328,0.023433306845171087,0.0,0.0,6376.5993704034145
44,1,0.08891680114643302,2780.1513688913656,-9.927243195618292,0.15343575293688017,0.0,0.0,4010.2918727401216
44,2,0.5033570814066137,60.480402670910074,-0.21596078278373312,0.0033378959957267697,0.0,0.0,4010.2918727401216
44,3,0.4077261174469562,3.6166801085969054,-0.012914283517272616,0.00019960353303197698,0.0,0.0,4010.2918727401216
45,1,0.07713174580707322,3396.1515186371794,6.143815160177737,0.14357287652431058,0.0,0.0,2273.4644849916726
45,2,0.4999096750174381,2.312973822748269,0.0041842902353772206,9.77813572907543e-05,0.0,0.0,2273.4644849916726
45,3,0.42295857917549107,37.51414345018145,0.06786504135209934,0.0015859167224816565,0.0,0.0,2273.4644849916726
46,1,0.0772959245176895,3254.897694874693,-1.8144852988077351,0.0166473647406986,0.0,0.0,-488.58546080322765
46,2,0.420654703391016,32.31581562947917,-0.01801487416056208,0.00016528113019472924,0.0,0.0,-488.58546080322765
46,3,0.5020493720912973,1.9476249301432869,-0.0010857289950775197,9.961241682412122e-06,0.0,0.0,-488.58546080322765
47,1,0.07655636395580133,3377.821005477214,-5.31473250370226,0.08725582639352909,0.0,0.0,1935.6133013374179
47,2,0.4931772081893145,2.5914529707271456,-0.004077444989834069,6.694237798690497e-05,0.0,0.0,1935.6133013374179
47,3,0.43026642785488667,41.595036471795666,-0.06544647924530904,0.0010744824179050173,0.0,0.0,1935.6133013374179
48,1,0.07655636395580133,3377.821005477214,-5.31473250370226,0.08725582639352909,0.0,0.0,1935.6133013374179
48,2,0.4931772081893145,2.5914529707271456,-0.004077444989834069,6.694237798690497e-05,0.0,0.0,1935.6133013374179
48,3,0.43026642785488667,41.595036471795666,-0.06544647924530904,0.0010744824179050173,0.0,0.0,1935.6133013374179
49,1,0.07639259329568897,3393.058415355542,4.246714775379286,0.06492677832966469,0.0,0.0,1406.9104200170163
49,2,0.5011419110912619,2.4003952940953384,0.003004308477582583,4.593199234589882e-05,0.0,0.0,1406.9104200170163
49,3,0.4224654956130521,38.7515166118524,0.048500974053128795,0.0007415171862676049,0.0,0.0,1406.9104200170163
50,1,0.03291464774805099,4922.972697669529,0.49026461229682816,0.0032088660867093596,0.0,0.0,-4732.248814432932
50,2,0.32191424006873215,25.342998602051225,0.002523835931480064,1.6518939621205248e-05,0.0,0.0,-4732.248814432932
50,3,0.6451711121832184,1.8982496025826459,0.00018904118763310305,1.2373070394480309e-06,0.0,0.0,-4732.248814432932
51,1,0.07977803826833463,3384.121540861306,5.8040013677293025,0.9106085538522225,0.0,0.0,3508.73296178064
51,2,0.5305904028830224,1.6270210366995326,0.0027904530639065047,0.0004378032099104285,0.0,0.0,3508.73296178064
51,3,0.3896315588486457,24.814276690893806,0.04255819246270492,0.006677092515605306,0.0,0.0,3508.73296178064
52,1,0.3983960627051,25.689364871189717,0.03473966936352667,0.004568221404839815,0.0,0.0,3167.998064300466
52,2,0.5230582988842329,1.7344051269953222,0.0023454320866373593,0.00030842127337642563,0.0,0.0,3167.998064300466
52,3,0.07854563841066993,3427.732776774034,4.635315194779215,0.6095379282222394,0.0,0.0,3167.998064300466
53,1,0.027788893621017392,6248.8087131373795,1.5905740078308916,0.005907497081640875,0.0,0.0,-2131.1405110599194
53,2,0.3664592498548517,67.54796166718766,0.01719368235483128,6.38584736288643e-05,0.0,0.0,-2131.1405110599194
53,3,0.605751856524133,4.392891196172367,0.001118168098372274,4.152950284235019e-06,0.0,0.0,-2131.1405110599194
54,1,0.027788893621017892,6248.808713137091,-1.5905740078321196,0.005907497081640838,0.0,0.0,-2131.140511060056
54,2,0.3664592498548527,67.5479616671844,-0.017193682354844513,6.385847362886375e-05,0.0,0.0,-2131.140511060056
54,3,0.6057518565241319,4.392891196172345,-0.0011181680983731834,4.152950284235165e-06,0.0,0.0,-2131.140511060056
55,1,0.07977803826833461,3384.121540861307,5.80400136772931,0.9106085538522251,0.0,0.0,3508.732961780641
55,2,0.5305904028830224,1.62702103669953,0.0027904530639065034,0.00043780320991042895,0.0,0.0,3508.732961780641
55,3,0.3896315588486456,24.814276690893795,0.042558192462704945,0.00667709251560532,0.0,0.0,3508.732961780641
56,1,0.027788893621017996,6248.808713137218,-1.59057400783253,0.005907497081641385,0.0,0.0,-2131.1405110601077
56,2,0.36645924985485256,67.54796166718269,-0.01719368235484817,6.385847362886677e-05,0.0,0.0,-2131.1405110601077
56,3,0.6057518565241323,4.392891196172028,-0.0011181680983733684,4.152950284235165e-06,0.0,0.0,-2131.1405110601077
57,1,0.02568329873185919,8434.2062543878,-9.83434113996859,0.08304205196524138,0.0,0.0,2011.025757589145
57,2,0.3672189419547365,137.75885483494318,-0.16062774997865867,0.0013563550186983016,0.0,0.0,2011.025757589145
57,3,0.607097759313407,8.724649627375172,-0.010173000063600553,8.590171806126906e-05,0.0,0.0,2011.025757589145
58,1,0.02568329873185919,8434.2062543878,-9.83434113996859,0.08304205196524138,0.0,0.0,2011.025757589145
58,2,0.3672189419547365,137.75885483494318,-0.16062774997865867,0.0013563550186983016,0.0,0.0,2011.025757589145
58,3,0.607097759313407,8.724649627375172,-0.010173000063600553,8.590171806126906e-05,0.0,0.0,2011.025757589145
59,1,0.03134273825199736,6195.745376379881,44.548253931373395,2.4839255058181497,0.0,0.0,6854.189989327125
59,2,0.39687472598799517,206.9840387549913,1.488243457090905,0.08298161107795211,0.0,0.0,6854.189989327125
59,3,0.5717825357600103,7.406041486326452,0.05325044796336188,0.002969143214820472,0.0,0.0,6854.189989327125
60,1,0.050807453659835605,4764.774660080087,13.843089741259623,0.3243544430754638,0.0,0.0,3673.065103467771
60,2,0.4331474932672475,82.37405297535035,0.23932116186789043,0.005607482406364087,0.0,0.0,3673.065103467771
60,3,0.5160450530729207,3.5476193837668126,0.010306891091569627,0.00024149853698350208,0.0,0.0,3673.065103467771
61,1,0.05049665405560267,4789.879217145368,13.391989215697963,0.3021455648954591,0.0,0.0,3584.0979668489476
61,2,0.43236677360141595,82.77394152428353,0.2314270740410565,0.00522137995274617,0.0,0.0,3584.0979668489476
61,3,0.5171365723429852,3.562432613831701,0.009960179992705013,0.0002247182372898484,0.0,0.0,3584.0979668489476
62,1,0.07626820993075221,3465.4849224964773,-2.021749865285617,6.2368014444812445,0.0,0.0,6685.434449444033
62,2,0.37463561219681996,39.25647707657146,-0.022902069700528885,0.07064952190299267,0.0,0.0,6685.434449444033
62,3,0.5490961778724304,3.135726294915855,-0.0018293700177900983,0.005643337865553477,0.0,0.0,6685.434449444033
63,1,0.050807453659835605,4764.774660080083,13.84308974126006,0.3243544430754636,0.0,0.0,3673.0651034677708
63,2,0.43314749326724766,82.37405297535066,0.23932116186789915,0.005607482406364111,0.0,0.0,3673.0651034677708
63,3,0.5160450530729203,3.5476193837668286,0.010306891091570009,0.00024149853698350327,0.0,0.0,3673.0651034677708
64,1,0.05063972611269707,4778.303402700837,13.599329950969475,0.312242203372743,0.0,0.0,3625.320352237269
64,2,0.4327280122956833,82.5898033827126,0.2350553935424773,0.005396899278049958,0.0,0.0,3625.320352237269
64,3,0.5166322615916223,3.5555996297378143,0.010119443757175082,0.0002323436100924697,0.0,0.0,3625.320352237269
65,1,0.05066550364009545,4776.221221326627,13.63674439239042,0.3140842653507518,0.0,0.0,3632.698493891379
65,2,0.43279275997477945,82.55663532524511,0.2357101318505213,0.005428923610191862,0.0,0.0,3632.698493891379
65,3,0.516541736385128,3.554371002080073,0.010148200132494635,0.00023373540571938913,0.0,0.0,3632.698493891379
66,1,0.05063972611269733,4778.303402700814,13.599329950969329,0.31224220337274117,0.0,0.0,3625.3203522372655
66,2,0.4327280122956833,82.58980338271218,0.23505539354247468,0.005396899278049924,0.0,0.0,3625.3203522372655
66,3,0.516632261591622,3.555599629737807,0.010119443757175002,0.00023234361009246896,0.0,0.0,3625.3203522372655
67,1,0.5053972437470339,3.3206979676542794,0.013079736183751614,0.000298943920503929,0.0,0.0,3890.605754330079
67,2,0.055517979948307934,4412.583347965718,17.380510556031346,0.397240272509047,0.0,0.0,3890.605754330079
67,3,0.43908477630466014,75.55704338123881,0.2976079739492191,0.006801979279683938,0.0,0.0,3890.605754330079
68,1,0.5053972437470339,3.320697967654276,0.013079736183751604,0.00029894392050392924,0.0,0.0,3890.605754330079
68,2,0.05551797994830796,4412.583347965716,17.380510556031343,0.39724027250904753,0.0,0.0,3890.605754330079
68,3,0.43908477630466014,75.55704338123871,0.29760797394921884,0.006801979279683941,0.0,0.0,3890.605754330079
69,1,0.505397243747034,3.3206979676542785,0.013079736183751285,0.0002989439205039269,0.0,0.0,3890.605754330081
69,2,0.05551797994830798,4412.583347965715,17.380510556030902,0.3972402725090441,0.0,0.0,3890.605754330081
69,3,0.4390847763046601,75.55704338123877,0.2976079739492115,0.006801979279683887,0.0,0.0,3890.605754330081
70,1,0.05482884510378932,4422.764775665117,18.75563092133715,0.16508149370948608,0.0,0.0,2302.6039655474406
70,2,0.5074246692773438,3.29703093116924,0.013981728266781568,0.00012306302019915688,0.0,0.0,2302.6039655474406
70,3,0.43774648561886925,75.33292359779198,0.31946453924016227,0.0028118320064073254,0.0,0.0,2302.6039655474406
71,1,0.05068112568550678,4482.771825939569,15.332051507712704,0.06735622928854985,0.0,0.0,13.131194947124278
71,2,0.43155831436839864,71.61487000020337,0.24493838147363903,0.0010760546803410772,0.0,0.0,13.131194947124278
71,3,0.5177605599460964,3.055253254972912,0.010449628509595944,4.5906940341183e-05,0.0,0.0,13.131194947124278
72,1,0.05068112568550678,4482.771825939569,15.332051507712704,0.06735622928854985,0.0,0.0,13.131194947124278
72,2,0.43155831436839864,71.61487000020337,0.24493838147363903,0.0010760546803410772,0.0,0.0,13.131194947124278
72,3,0.5177605599460964,3.055253254972912,0.010449628509595944,4.5906940341183e-05,0.0,0.0,13.131194947124278
73,1,0.04587690192628412,4501.21812717286,-11.701955446069295,0.03708709141314602,0.0,0.0,-1440.2432252039412
73,2,0.5381581226619714,2.719137484711006,-0.007069025494618774,2.240391325441676e-05,0.0,0.0,-1440.2432252039412
73,3,0.4159649754117474,61.07237748506803,-0.15877174136518943,0.0005031964198610135,0.0,0.0,-1440.2432252039412
74,1,0.6044509093872353,5.13493669153757,-0.1228806837645504,0.0029929096933937896,0.0,0.0,1612.5012242887565
74,2,0.03257502755442669,6911.129665055807,-165.3855519245426,4.028167864451959,0.0,0.0,1612.5012242887565
74,3,0.36297406305834107,125.75277805188949,-3.0093043557428767,0.07329529671182786,0.0,0.0,1612.5012242887565
75,1,0.05065261876183639,4777.261864344191,13.618040619094762,0.31316263332103705,0.0,0.0,3629.012386449635
75,2,0.4327604086623731,82.57321396409692,0.23538282257563473,0.005412900917108895,0.0,0.0,3629.012386449635
75,3,0.5165869725757919,3.55498503405425,0.010133823928588559,0.00023303903078675687,0.0,0.0,3629.012386449635
76,1,0.05065261876183639,4777.261864344191,13.618040619094762,0.31316263332103705,0.0,0.0,3629.012386449635
76,2,0.4327604086623731,82.57321396409692,0.23538282257563473,0.005412900917108895,0.0,0.0,3629.012386449635
76,3,0.5165869725757919,3.55498503405425,0.010133823928588559,0.00023303903078675687,0.0,0.0,3629.012386449635
77,1,0.05360752994671257,4516.8371349274175,-1.3634130956280401,0.08479338138320351,0.0,0.0,2251.2387476483887
77,2,0.4385780329394478,75.72695684898959,-0.02285827927281045,0.0014216020062872941,0.0,0.0,2251.2387476483887
77,3,0.5078144371138413,3.284692688915259,-0.0009914887106622916,6.166266163198453e-05,0.0,0.0,2251.2387476483887
78,1,0.04587690192628413,4501.21812717286,-11.701955446069295,0.03708709141314602,0.0,0.0,-1440.2432252039398
78,2,0.5381581226619714,2.719137484711004,-0.007069025494618769,2.2403913254416747e-05,0.0,0.0,-1440.2432252039398
78,3,0.4159649754117476,61.07237748506808,-0.15877174136518954,0.0005031964198610139,0.0,0.0,-1440.2432252039398
79,1,0.38470390194071347,58.076044215632166,-0.18658344469184535,0.0006579429253725375,0.0,0.0,-2371.093533531605
79,2,0.5767185296857409,2.6165749885603304,-0.008406384788320384,2.9643151934349742e-05,0.0,0.0,-2371.093533531605
79,3,0.038577568373547456,4853.455116302551,-15.59290730778182,0.054984744579502184,0.0,0.0,-2371.093533531605
80,1,0.39093350569332547,65.058839631822,-0.2548994668824927,0.0010803027480279362,0.0,0.0,-1771.6496513462203
80,2,0.5686952648983958,2.9576119008227026,-0.01158787493031575,4.9111178160270754e-05,0.0,0.0,-1771.6496513462203
80,3,0.040371229408281355,4897.040312885137,-19.186523647217697,0.08131540828505307,0.0,0.0,-1771.6496513462203
81,1,0.03060461124557738,4903.232941869182,-6.247413092842277,0.010802908327907226,0.0,0.0,-5342.292357148044
81,2,0.620388478896927,1.088827257264108,-0.0013873201097156485,2.3989276431698115e-06,0.0,0.0,-5342.292357148044
81,3,0.34900690985749816,25.697003181278127,-0.03274162089071105,5.6616190370809104e-05,0.0,0.0,-5342.292357148044
82,1,0.0306046112455771,4903.232941869203,-6.24741309284231,0.010802908327907264,0.0,0.0,-5342.292357148136
82,2,0.6203884788969285,1.0888272572640727,-0.0013873201097156045,2.398927643169731e-06,0.0,0.0,-5342.292357148136
82,3,0.34900690985749755,25.697003181277363,-0.0327416208907101,5.661619037080736e-05,0.0,0.0,-5342.292357148136
83,1,0.030604611245577198,4903.232941869185,-6.247413092842287,0.010802908327907222,0.0,0.0,-5342.292357148164
83,2,0.6203884788969287,1.0888272572640614,-0.0013873201097155902,2.3989276431697056e-06,0.0,0.0,-5342.292357148164
83,3,0.3490069098574966,25.697003181277122,-0.0327416208907098,5.661619037080682e-05,0.0,0.0,-5342.292357148164
84,1,0.3874391155586313,61.013711674315466,-0.21273367343491836,0.000808688225985762,0.0,0.0,-2120.833996740516
84,2,0.5731979771443357,2.7603927719958854,-0.009624533213852706,3.658681094054778e-05,0.0,0.0,-2120.833996740516
84,3,0.03936290729703533,4867.290761410817,-16.97055653453459,0.06451206824152553,0.0,0.0,-2120.833996740516
85,1,0.3864481505370198,59.927570195330226,-0.20267656874313492,0.0007491083666418446,0.0,0.0,-2213.5294696932356
85,2,0.5744742175498465,2.7072596439724017,-0.009156021069244753,3.384136622528338e-05,0.0,0.0,-2213.5294696932356
85,3,0.039077631913136616,4861.376897122663,-16.441300484309416,0.060768325749968925,0.0,0.0,-2213.5294696932356
86,1,0.030357868849998755,4822.848614180763,-5.050031572618973,0.007959217544355862,0.0,0.0,-5940.215331182107
86,2,0.6274970034962322,0.8711795615891867,-0.0009122169579426183,1.4377203610532024e-06,0.0,0.0,-5940.215331182107
86,3,0.34214512765377175,20.711272721046825,-0.021686888707821327,3.4180116025743525e-05,0.0,0.0,-5940.215331182107
87,1,0.3545884712067078,33.932098598212264,-0.05573552546351041,0.00011301425270032286,0.0,0.0,-4529.114112505768
87,2,0.6136041276010293,1.4670770589513644,-0.0024097628544679445,4.886247073439521e-06,0.0,0.0,-4529.114112505768
87,3,0.03180740119226575,4932.1903528192615,-8.101421142720644,0.016427153931734068,0.0,0.0,-4529.114112505768
88,1,0.3545884712067078,33.932098598212264,-0.05573552546351041,0.00011301425270032286,0.0,0.0,-4529.114112505768
88,2,0.6136041276010293,1.4670770589513644,-0.0024097628544679445,4.886247073439521e-06,0.0,0.0,-4529.114112505768
88,3,0.03180740119226575,4932.1903528192615,-8.101421142720644,0.016427153931734068,0.0,0.0,-4529.114112505768
89,1,0.3766740857244936,50.94482014956447,0.135283929343983,0.00040237417774452157,0.0,0.0,-2968.7339215254456
89,2,0.5865043760909577,2.280726299889019,0.0060564668733998385,1.8013713011135138e-05,0.0,0.0,-2968.7339215254456
89,3,0.03682153818455218,4815.915624733807,12.788660106961666,0.03803723487295157,0.0,0.0,-2968.7339215254456
90,1,0.3847039019407132,58.07604421563221,0.18658344469184548,0.0006579429253725379,0.0,0.0,-2371.0935335316026
90,2,0.576718529685741,2.61657498856033,0.008406384788320384,2.9643151934349735e-05,0.0,0.0,-2371.0935335316026
90,3,0.03857756837354753,4853.4551163025435,15.592907307781797,0.0549847445795021,0.0,0.0,-2371.0935335316026
91,1,0.38470390194071497,58.07604421563294,-0.1865834446918479,0.0006579429253725465,0.0,0.0,-2371.093533531577
91,2,0.5767185296857401,2.6165749885603624,-0.00840638478832049,2.964315193435011e-05,0.0,0.0,-2371.093533531577
91,3,0.03857756837354717,4853.45511630259,-15.59290730778195,0.054984744579502635,0.0,0.0,-2371.093533531577
92,1,0.37649437620937387,50.783533656307306,0.13426363904184688,0.0003978089412363266,0.0,0.0,-2982.766074162779
92,2,0.5867349373596515,2.2727470951520723,0.006008784218957253,1.7803391188554903e-05,0.0,0.0,-2982.766074162779
92,3,0.0367706864309781,4816.473330655678,12.7339944695148,0.03772947682468267,0.0,0.0,-2982.766074162779
93,1,0.3764943762093738,50.78353365630796,-0.13426363904184782,0.00039780894123632666,0.0,0.0,-2982.7660741628006
93,2,0.5867349373596522,2.2727470951520803,-0.006008784218957238,1.7803391188554737e-05,0.0,0.0,-2982.7660741628006
93,3,0.0367706864309775,4816.473330655708,-12.733994469514805,0.037729476824682424,0.0,0.0,-2982.7660741628006
94,1,0.39014317736177473,64.11357873496085,-0.24431081960395457,0.0010087792602750554,0.0,0.0,-1854.0257580693628
94,2,0.569713583360417,2.9116378372198914,-0.011095069725271542,4.581244599933559e-05,0.0,0.0,-1854.0257580693628
94,3,0.04014323927781011,4889.049138729435,-18.630181402050944,0.07692553544708766,0.0,0.0,-1854.0257580693628
95,1,0.384242198187527,57.59813474448621,-0.18262987734141092,0.0006363336854302677,0.0,0.0,-2411.719187672002
95,2,0.5773120235461591,2.59315294949922,-0.008222266349343827,2.864868073522416e-05,0.0,0.0,-2411.719187672002
95,3,0.03844577826631599,4851.862390395454,-15.384092508658037,0.05360249059760395,0.0,0.0,-2411.719187672002
96,1,0.3857838051283102,59.21354637414142,-0.19631938952442063,0.0007124816144808278,0.0,0.0,-2274.3408067635705
96,2,0.5753293868572247,2.6723014776022316,-0.00885987458669054,3.2154224628116554e-05,0.0,0.0,-2274.3408067635705
96,3,0.038886808014467596,4857.995265385297,-16.106427046049323,0.058453386459106846,0.0,0.0,-2274.3408067635705
97,1,0.38929810138184545,63.12272943028841,-0.23371851834589932,0.0009394577276977217,0.0,0.0,-1939.785655555591
97,2,0.5708026151320146,2.8633678409532393,-0.010601919392696169,4.261560090482879e-05,0.0,0.0,-1939.785655555591
97,3,0.03989928348614242,4881.335055781411,-18.0736544044261,0.07264907555526601,0.0,0.0,-1939.785655555591
98,1,0.36552245348111856,41.59935778062977,-0.08541157448175783,0.0002047847603900942,0.0,0.0,-3800.7197924341053
98,2,0.6006114033464744,1.8237807415541947,-0.003744576670320255,8.978083366881967e-06,0.0,0.0,-3800.7197924341053
98,3,0.03386614317240912,4878.437185535723,-10.01638061876477,0.02401550512838072,0.0,0.0,-3800.7197924341053
99,1,0.035763150499801506,4745.086809824465,-10.723179303961887,0.027796243570419855,0.0,0.0,-3488.3539456020258
99,2,0.5876782489017526,1.9287621051220047,-0.004358710960795963,1.1298495351521351e-05,0.0,0.0,-3488.3539456020258
99,3,0.3765586005984483,43.7422259306017,-0.0988508220412526,0.00025623758110429997,0.0,0.0,-3488.3539456020258
100,1,0.03184347686027342,4868.479131653413,-7.508047723841867,0.014582007792198152,0.0,0.0,-4733.734808660676
100,2,0.6114578849581616,1.3428495790123207,-0.0020709093029924104,4.02208626049045e-06,0.0,0.0,-4733.734808660676
100,3,0.35669863818156744,31.21904037014419,-0.04814522947579823,9.350687917764286e-05,0.0,0.0,-4733.734808660676
101,1,0.03184347686027342,4868.479131653413,-7.508047723841867,0.014582007792198152,0.0,0.0,-4733.734808660676
101,2,0.6114578849581616,1.3428495790123207,-0.0020709093029924104,4.02208626049045e-06,0.0,0.0,-4733.734808660676
101,3,0.35669863818156744,31.21904037014419,-0.04814522947579823,9.350687917764286e-05,0.0,0.0,-4733.734808660676
102,1,0.030352113824293887,4815.944351114177,4.96598910547609,0.007780340404768953,0.0,0.0,-5985.502830717184
102,2,0.627837175122354,0.8554744816338469,0.0008821275010836955,1.38205140870549e-06,0.0,0.0,-5985.502830717184
102,3,0.34181071105335525,20.36014416597094,0.020994481402332375,3.289258362480381e-05,0.0,0.0,-5985.502830717184
103,1,0.376372022168614,50.67398054978113,0.13357425009320995,0.0003947364522392047,0.0,0.0,-2992.3020200131427
103,2,0.5868918631586417,2.2673285310743543,0.005976572295434255,1.766186928097725e-05,0.0,0.0,-2992.3020200131427
103,3,0.03673611467274609,4816.864337809966,12.697029811810818,0.03752205607287475,0.0,0.0,-2992.3020200131427
104,1,0.042548290523351254,5387.153006238021,52.18191865082381,0.5329874133003494,0.0,0.0,656.751565602441
104,2,0.4003587171745248,88.84328817479933,0.8605683244639297,0.00878986624262434,0.0,0.0,656.751565602441
104,3,0.5570929923021267,4.047173176678268,0.03920238783392197,0.00040041416312447707,0.0,0.0,656.751565602441
105,1,0.04254829052335086,5387.153006238058,-52.1819186508242,0.5329874133003528,0.0,0.0,656.7515656024626
105,2,0.4003587171745257,88.84328817480137,-0.8605683244639499,0.008789866242624539,0.0,0.0,656.7515656024626
105,3,0.5570929923021263,4.047173176678358,-0.039202387833922867,0.00040041416312448585,0.0,0.0,656.7515656024626
106,1,0.041955156032491885,5358.949520117687,42.765235339283244,0.36072468589780765,0.0,0.0,170.86055708140543
106,2,0.39819430192215727,86.3847748193067,0.6893636917105185,0.005814781543671441,0.0,0.0,170.86055708140543
106,3,0.5598505420453529,3.928969162172838,0.03135377376300011,0.00026446902729844056,0.0,0.0,170.86055708140543
107,1,0.03675576975144986,3771.6650355266574,0.0,3771.6650355266574,0.0,0.0,7722.048522901129
107,2,0.5825420565415066,0.15536839591746296,0.0,0.15536839591746296,0.0,0.0,7722.048522901129
107,3,0.38070217370704657,5.5869388830907445,0.0,5.5869388830907445,0.0,0.0,7722.048522901129
108,1,0.5649015878006711,4.465253767782413,-0.0788854749149774,0.001464355083891404,0.0,0.0,2103.7279955052636
108,2,0.04145997897300574,5676.786561042835,-100.28903778994514,1.8616705103768139,0.0,0.0,2103.7279955052636
108,3,0.3936384332263257,97.69778300786004,-1.7259793981525393,0.03203944337155317,0.0,0.0,2103.7279955052636
109,1,0.5621429921108805,4.435526250787332,-0.0845672348129076,0.0016938069909973863,0.0,0.0,2283.4055470407757
109,2,0.04232375169540037,5582.698930920259,-106.43909756978643,2.1318810763768723,0.0,0.0,2283.4055470407757
109,3,0.39553325619372237,96.51508411401551,-1.8401455249664396,0.03685648894085611,0.0,0.0,2283.4055470407757
110,1,0.5621429921108805,4.435526250787332,-0.0845672348129076,0.0016938069909973863,0.0,0.0,2283.4055470407757
110,2,0.04232375169540037,5582.698930920259,-106.43909756978643,2.1318810763768723,0.0,0.0,2283.4055470407757
110,3,0.39553325619372237,96.51508411401551,-1.8401455249664396,0.03685648894085611,0.0,0.0,2283.4055470407757
111,1,0.03344446421685276,4811.640950794267,8.831572344980728,0.019412464568870167,0.0,0.0,-4167.164841292994
111,2,0.6008127045507394,1.5967365001283211,0.0029307452615363583,6.441999943791757e-06,0.0,0.0,-4167.164841292994
111,3,0.3657428312324107,36.71185760029234,0.06738312971213951,0.0001481132200451159,0.0,0.0,-4167.164841292994
112,1,0.03341951227722854,4812.864714451962,8.815481997631148,0.019346855155449972,0.0,0.0,-4173.960077620291
112,2,0.6009448654845033,1.5935508387529616,0.002918826845299427,6.405789293769911e-06,0.0,0.0,-4173.960077620291
112,3,0.36563562223826973,36.64591668709371,0.06712248068633923,0.00014731002931683704,0.0,0.0,-4173.960077620291
113,1,0.0432466836996074,5519.696329124046,190.23446506625564,6.881343487925699,0.0,0.0,3664.463401070977
113,2,0.3986829928058955,96.30084382639431,3.3189759759212003,0.12005718159710296,0.0,0.0,3664.463401070977
113,3,0.5580703234944991,4.438329574269743,0.15296552600076416,0.005533215686525997,0.0,0.0,3664.463401070977
114,1,0.03341951227722915,4812.864714451907,-8.815481997631125,0.019346855155450066,0.0,0.0,-4173.960077620314
114,2,0.6009448654845041,1.5935508387529445,-0.0029188268452994214,6.405789293769947e-06,0.0,0.0,-4173.960077620314
114,3,0.3656356222382689,36.64591668709287,-0.0671224806863383,0.00014731002931683607,0.0,0.0,-4173.960077620314
115,1,0.07097783764314439,3529.5295718610205,-105.49453523795962,7.253036868580185,0.0,0.0,7210.528697472214
115,2,0.4829238565228131,59.879116535926535,-1.7897341390134494,0.12304910075143179,0.0,0.0,7210.528697472214
115,3,0.4460983058340447,2.8649840551990016,-0.0856318541079742,0.005887423396567865,0.0,0.0,7210.528697472214
116,1,0.07097783764314439,3529.5295718610205,-105.49453523795962,7.253036868580185,0.0,0.0,7210.528697472214
116,2,0.4829238565228131,59.879116535926535,-1.7897341390134494,0.12304910075143179,0.0,0.0,7210.528697472214
116,3,0.4460983058340447,2.8649840551990016,-0.0856318541079742,0.005887423396567865,0.0,0.0,7210.528697472214
117,1,0.5916244925317561,4.933943794430072,0.15182117406883766,0.004878436004537561,0.0,0.0,3256.417953543218
117,2,0.03835816360655456,6101.24684531993,187.7399698768279,6.032606677923884,0.0,0.0,3256.417953543218
117,3,0.37001734386169244,113.89830530796317,3.504736810303154,0.11261692808447622,0.0,0.0,3256.417953543218
118,1,0.5945991910222242,4.9789586875643,0.15435003207013803,0.004973545019879263,0.0,0.0,3138.8622878802194
118,2,0.03754698398112235,6212.285942700456,192.58374986713523,6.205531266920115,0.0,0.0,3138.8622878802194
118,3,0.3678538249966556,116.09101776523761,3.5988754756840873,0.11596479093130777,0.0,0.0,3138.8622878802194
119,1,0.03928430670115073,5969.696856735588,2425.1175564455016,987.1975006937269,0.0,0.0,5883.419368491102
119,2,0.45644703503777634,96.559356515068,39.22607736095696,15.96783851975949,0.0,0.0,5883.419368491102
119,3,0.5042686582610753,3.774192723917213,1.5332204056313787,0.6241311265217148,0.0,0.0,5883.419368491102
120,1,0.02626730029081314,8371.658302196816,-316.1249725446595,12.102470541909822,0.0,0.0,2937.4726156092333
120,2,0.40046316125501946,133.0972026662755,-5.025927721823797,0.19241169626530355,0.0,0.0,2937.4726156092333
120,3,0.57326953845417,6.9857772504542215,-0.2637922573743179,0.010098974460505682,0.0,0.0,2937.4726156092333
121,1,0.02626730029081314,8371.658302196816,-316.1249725446595,12.102470541909822,0.0,0.0,2937.4726156092333
121,2,0.40046316125501946,133.0972026662755,-5.025927721823797,0.19241169626530355,0.0,0.0,2937.4726156092333
121,3,0.57326953845417,6.9857772504542215,-0.2637922573743179,0.010098974460505682,0.0,0.0,2937.4726156092333
122,1,0.4690225205286468,2.5849910400807015,0.011924445415520383,0.0004917312333580079,0.0,0.0,4407.630516240384
122,2,0.08046955706482313,3235.3423584712186,14.924486296442481,0.6154446431724541,0.0,0.0,4407.630516240384
122,3,0.45050792240653226,41.72967680581142,0.19249709014955443,0.007938048962332996,0.0,0.0,4407.630516240384
123,1,0.08082208881611284,3221.7893900272716,-13.998585127647706,0.5439095987765397,0.0,0.0,4269.074531994567
123,2,0.4644047687862196,2.5296588422236566,-0.010991297182984033,0.0004270625914202754,0.0,0.0,4269.074531994567
123,3,0.45477314239766947,41.20592281904143,-0.17903858648586277,0.006956474876072571,0.0,0.0,4269.074531994567
124,1,0.0808220888161128,3221.7893900272725,13.998585127647711,0.54390959877654,0.0,0.0,4269.074531994569
124,2,0.46440476878622,2.5296588422236597,0.010991297182984047,0.00042706259142027606,0.0,0.0,4269.074531994569
124,3,0.4547731423976692,41.20592281904148,0.17903858648586296,0.006956474876072581,0.0,0.0,4269.074531994569
125,1,0.08082208881611284,3221.789390027271,-13.998585127647704,0.5439095987765395,0.0,0.0,4269.074531994566
125,2,0.4644047687862197,2.5296588422236566,-0.010991297182984033,0.00042706259142027535,0.0,0.0,4269.074531994566
125,3,0.45477314239766936,41.205922819041426,-0.1790385864858627,0.0069564748760725685,0.0,0.0,4269.074531994566
126,1,0.37679886394477025,5.259555088018924,0.0,2.6297762291213475e-06,0.0,0.0,-9327.627913682485
126,2,0.5869952189746508,0.12597419206456234,0.0,6.298706453874889e-08,0.0,0.0,-9327.627913682485
126,3,0.036205917080581046,3820.6814330999487,0.0,0.0019103397613800936,0.0,0.0,-9327.627913682485
127,1,0.02722438228153173,7937.438015023282,-239.71481498251526,7.814619727934781,0.0,0.0,4558.331030506847
127,2,0.36336261470388537,161.825978080408,-4.887229899809905,0.15932199765288982,0.0,0.0,4558.331030506847
127,3,0.6094130030145851,8.057125441514689,-0.24332943839662158,0.00793245519606382,0.0,0.0,4558.331030506847
128,1,0.06990165015174955,3644.1522277525396,-132.51672084849278,5.167886068819802,0.0,0.0,3848.103199036491
128,2,0.4134241880067442,57.408530919884846,-2.0876159366493536,0.08141283037324043,0.0,0.0,3848.103199036491
128,3,0.5166741618415082,3.0442121313945334,-0.11070037254409631,0.004317092284058764,0.0,0.0,3848.103199036491
129,1,0.026004099921894012,7483.029818374577,-434.42417134215884,25.285952251373217,0.0,0.0,2792.582465388829
129,2,0.3954673806419663,181.3469316571242,-10.52802039050297,0.6127905362017023,0.0,0.0,2792.582465388829
129,3,0.5785285194361428,11.082291578743249,-0.643377809860643,0.0374482398837703,0.0,0.0,2792.582465388829
130,1,0.026004099921894012,7483.029818374577,-434.42417134215884,25.285952251373217,0.0,0.0,2792.582465388829
130,2,0.3954673806419663,181.3469316571242,-10.52802039050297,0.6127905362017023,0.0,0.0,2792.582465388829
130,3,0.5785285194361428,11.082291578743249,-0.643377809860643,0.0374482398837703,0.0,0.0,2792.582465388829
131,1,0.045481668169232076,4359.224011914464,-121.67042790763017,4.310348526730531,0.0,0.0,6767.110889189296
131,2,0.5025708984753735,158.21265843146767,-4.415878101044494,0.1564387829843828,0.0,0.0,6767.110889189296
131,3,0.45194743335539717,5.887894986865339,-0.1643372078537617,0.005821880089854182,0.0,0.0,6767.110889189296
132,1,0.5239833959435177,4.471180440811067,-0.35796646575320035,0.029164026918911037,0.0,0.0,4902.737473596607
132,2,0.025558459204154515,8448.431772476551,-676.388551700204,55.10631809580794,0.0,0.0,4902.737473596607
132,3,0.4504581448523305,137.35515630661553,-10.996769311134857,0.8959221237000035,0.0,0.0,4902.737473596607
133,1,0.40624861439373317,127.42966774975237,-21.68588134728335,3.7195268718483967,0.0,0.0,5357.437244936772
133,2,0.5641061916570774,4.571814749401821,-0.77802786390362,0.13344606569097772,0.0,0.0,5357.437244936772
133,3,0.02964519394919119,7626.895933625502,-1297.939194108916,222.62040602367065,0.0,0.0,5357.437244936772
134,1,0.40624861439373317,127.42966774975237,-21.68588134728335,3.7195268718483967,0.0,0.0,5357.437244936772
134,2,0.5641061916570774,4.571814749401821,-0.77802786390362,0.13344606569097772,0.0,0.0,5357.437244936772
134,3,0.02964519394919119,7626.895933625502,-1297.939194108916,222.62040602367065,0.0,0.0,5357.437244936772
135,1,0.025617588187141462,8436.067374434519,-846.3363413109249,86.40101612219154,0.0,0.0,5424.158587172994
135,2,0.4524486937367597,136.9102195338407,-13.735321109394688,1.4022152218798607,0.0,0.0,5424.158587172994
135,3,0.5219337180761024,4.4315614975001685,-0.4445900414990538,0.045387429876668224,0.0,0.0,5424.158587172994
136,1,0.04886444305771423,5656.537456463584,-100.16833722046962,2.4744460173353913,0.0,0.0,-435.07184109952004
136,2,0.5914425229727622,0.5322133965970158,-0.009424657998625,0.00023281615824486413,0.0,0.0,-435.07184109952004
136,3,0.3596930339695273,9.698929343277843,-0.17175270783804764,0.004242785850992221,0.0,0.0,-435.07184109952004
137,1,0.04886444305771423,5656.537456463584,-100.16833722046962,2.4744460173353913,0.0,0.0,-435.07184109952004
137,2,0.5914425229727622,0.5322133965970158,-0.009424657998625,0.00023281615824486413,0.0,0.0,-435.07184109952004
137,3,0.3596930339695273,9.698929343277843,-0.17175270783804764,0.004242785850992221,0.0,0.0,-435.07184109952004
138,1,0.3613990106148301,9.627498712457776,-0.34097556832584075,0.016831713152154402,0.0,0.0,1162.3241993845618
138,2,0.5895113082361019,0.5295817899904179,-0.0187561127983678,0.0009258654865556058,0.0,0.0,1162.3241993845618
138,3,0.049089681149071404,5639.474468269564,-199.73235721019233,9.859468114598107,0.0,0.0,1162.3241993845618
139,1,0.04895949429084353,5656.448273213059,-415.731569516514,42.57768884429176,0.0,0.0,2844.514469861858
139,2,0.35904786716776815,9.71210967964448,-0.7138102224952573,0.07310580137713228,0.0,0.0,2844.514469861858
139,3,0.5919926385413916,0.5349561227441387,-0.0393176314515398,0.0040267663097731205,0.0,0.0,2844.514469861858
140,1,0.3613831226455817,9.628121326444354,-0.34033713114486697,0.016767675562213452,0.0,0.0,1157.856443083043
140,2,0.5895285441731651,0.5296144045137139,-0.0187209364042943,0.0009223401125586297,0.0,0.0,1157.856443083043
140,3,0.04908833318125582,5639.6160474504795,-199.3504943769409,9.821568400823656,0.0,0.0,1157.856443083043
141,1,0.36139901061483015,9.627498712457784,-0.340975568325841,0.016831713152154395,0.0,0.0,1162.3241993845627
141,2,0.5895113082361019,0.5295817899904187,-0.018756112798367825,0.000925865486555606,0.0,0.0,1162.3241993845627
141,3,0.04908968114907137,5639.474468269573,-199.73235721019262,9.85946811459811,0.0,0.0,1162.3241993845627
142,1,0.03702225943437361,6327.9113394096,-1474.454712353859,349.52830482672067,0.0,0.0,7072.782786230456
142,2,0.5669596175942522,5.485029834347381,-1.2780564791240527,0.30297092944135695,0.0,0.0,7072.782786230456
142,3,0.39601812297137795,109.35848923929882,-25.481415769935097,6.040521952981347,0.0,0.0,7072.782786230456
143,1,0.03702225943437361,6327.9113394096,-1474.454712353859,349.52830482672067,0.0,0.0,7072.782786230456
143,2,0.5669596175942522,5.485029834347381,-1.2780564791240527,0.30297092944135695,0.0,0.0,7072.782786230456
143,3,0.39601812297137795,109.35848923929882,-25.481415769935097,6.040521952981347,0.0,0.0,7072.782786230456
144,1,0.6007837153377271,0.16903290218070516,0.0,0.16903290218070516,0.0,0.0,7718.580748385144
144,2,0.03714862072451055,4546.722928063323,0.0,4546.722928063323,0.0,0.0,7718.580748385144
144,3,0.3620676639377647,5.75596071354799,0.0,5.75596071354799,0.0,0.0,7718.580748385144
145,1,0.369623183307514,44.812994869218706,-8.435616879173626,1.7373656888784714,0.0,0.0,5709.089608788133
145,2,0.5980566357968911,1.3454921308717924,-0.25327600092564995,0.05216370540854658,0.0,0.0,5709.089608788133
145,3,0.03232018089559747,8149.176618883885,-1534.004411850693,315.9373724424853,0.0,0.0,5709.089608788133
146,1,0.369623183307514,44.812994869218706,-8.435616879173626,1.7373656888784714,0.0,0.0,5709.089608788133
146,2,0.5980566357968911,1.3454921308717924,-0.25327600092564995,0.05216370540854658,0.0,0.0,5709.089608788133
146,3,0.03232018089559747,8149.176618883885,-1534.004411850693,315.9373724424853,0.0,0.0,5709.089608788133
147,1,0.04206318912097508,6391.383274329766,-1512.8072080617162,417.2424793226024,0.0,0.0,6506.916062882626
147,2,0.43824043967068127,26.272233549586325,-6.218501156913154,1.715104757932292,0.0,0.0,6506.916062882626
147,3,0.5196963712083469,0.7890337899023129,-0.1867601978373994,0.05150972811948505,0.0,0.0,6506.916062882626
148,1,0.04206318912097508,6391.383274329766,-1512.8072080617162,417.2424793226024,0.0,0.0,6506.916062882626
148,2,0.43824043967068127,26.272233549586325,-6.218501156913154,1.715104757932292,0.0,0.0,6506.916062882626
148,3,0.5196963712083469,0.7890337899023129,-0.1867601978373994,0.05150972811948505,0.0,0.0,6506.916062882626
149,1,0.04077966706314087,6586.324719417383,-1249.7089659534515,276.3075083370024,0.0,0.0,5996.230972313096
149,2,0.42645914399681323,27.48782643706855,-5.215622462661634,1.153161004958505,0.0,0.0,5996.230972313096
149,3,0.5327611889400478,0.846165923638186,-0.16055405503123543,0.03549809764326761,0.0,0.0,5996.230972313096
150,1,0.04364658952535704,6166.323114302908,-1749.0566598981595,578.0916335774618,0.0,0.0,6926.081461985289
150,2,0.4496612175293326,25.0326177688285,-7.100417219736325,2.34680321326921,0.0,0.0,6926.081461985289
150,3,0.5066921929453123,0.7355502679911725,-0.2086363414748296,0.06895769944572984,0.0,0.0,6926.081461985289
151,1,0.04077966706314084,6586.324719417379,-1249.7089659534502,276.30750833700205,0.0,0.0,5996.230972313091
151,2,0.42645914399681284,27.487826437068538,-5.21562246266163,1.1531610049585037,0.0,0.0,5996.230972313091
151,3,0.532761188940048,0.8461659236381855,-0.16055405503123527,0.03549809764326757,0.0,0.0,5996.230972313091
152,1,0.37679886394477025,5.259555088018924,0.0,2.6297762291213475e-06,0.0,0.0,-9327.627913682485
152,2,0.5869952189746508,0.12597419206456234,0.0,6.298706453874889e-08,0.0,0.0,-9327.627913682485
152,3,0.036205917080581046,3820.6814330999487,0.0,0.0019103397613800936,0.0,0.0,-9327.627913682485
153,1,0.37679886394477025,5.259555088018924,0.0,2.6297762291213475e-06,0.0,0.0,-9327.627913682485
153,2,0.5869952189746508,0.12597419206456234,0.0,6.298706453874889e-08,0.0,0.0,-9327.627913682485
153,3,0.036205917080581046,3820.6814330999487,0.0,0.0019103397613800936,0.0,0.0,-9327.627913682485
154,1,0.04191846041608476,6477.834121089073,1100.396471390862,235.68825278831733,0.0,0.0,5567.169644832194
154,2,0.38441454756020477,22.918777752520654,3.8932367973672495,0.8338723381245216,0.0,0.0,5567.169644832194
154,3,0.5736669920237125,0.7199588784838055,0.1223001692573301,0.026194843365448275,0.0,0.0,5567.169644832194
155,1,0.04204015374296939,6459.577969594419,1119.2870207856088,244.53889213767732,0.0,0.0,5613.053164836993
155,2,0.38515336878035816,22.82760873406072,3.9554667954895253,0.8641800093218893,0.0,0.0,5613.053164836993
155,3,0.5728064774766746,0.7170703804798694,0.12425077514952727,0.0271459834145016,0.0,0.0,5613.053164836993
156,1,0.04191846041608472,6477.834121089088,1100.3964713908656,235.68825278831818,0.0,0.0,5567.169644832201
156,2,0.3844145475602043,22.918777752520757,3.893236797367271,0.8338723381245265,0.0,0.0,5567.169644832201
156,3,0.5736669920237131,0.7199588784838084,0.12230016925733071,0.026194843365448417,0.0,0.0,5567.169644832201
157,1,0.039379171170806845,6850.9721458291,94.76663111309502,1.6562322717454983,0.0,0.0,-219.63587779662595
157,2,0.5907473897021229,0.7729721485707504,0.010692200304579676,0.00018686711759625775,0.0,0.0,-219.63587779662595
157,3,0.3698734391270723,24.708024262424868,0.34177576130361753,0.005973200048610976,0.0,0.0,-219.63587779662595
158,1,0.3728916414914767,24.352634375199354,0.6465796000972561,0.021657368867990367,0.0,0.0,1287.5698771332268
158,2,0.5870644307651056,0.7647193289066285,0.020303836958790716,0.0006800828333988949,0.0,0.0,1287.5698771332268
158,3,0.04004392774342105,6764.145873851816,179.59283857062422,6.01551355840551,0.0,0.0,1287.5698771332268
159,1,0.5933329642970169,0.7885356110771176,0.03184365917722664,0.0016217862774812004,0.0,0.0,2254.662729695827
159,2,0.039245794914810735,6903.197305429767,278.77379174668175,14.197850424787335,0.0,0.0,2254.662729695827
159,3,0.36742124078817595,25.09204508708847,1.013299235428831,0.05160697097825788,0.0,0.0,2254.662729695827
160,1,0.568281939597857,0.7010856594482723,0.16173763666946983,0.04704546416813787,0.0,0.0,6273.184863420498
160,2,0.04222785216432929,6431.74129000604,1483.7767994479657,431.59384351954117,0.0,0.0,6273.184863420498
160,3,0.38949020823781605,22.520179365752696,5.195314636525015,1.511188079706723,0.0,0.0,6273.184863420498
161,1,0.03911870835172095,6927.746764496409,499.26438200116115,45.369681404530255,0.0,0.0,3589.697227775366
161,2,0.3661936227249309,25.24591018947175,1.8194059594381937,0.16533498423090506,0.0,0.0,3589.697227775366
161,3,0.5946876689233511,0.7942035484801848,0.05723614867783238,0.005201223888487885,0.0,0.0,3589.697227775366
162,1,0.5933329642970169,0.7885356110771151,0.0318436591772264,0.0016217862774811828,0.0,0.0,2254.662729695819
162,2,0.039245794914810755,6903.197305429764,278.77379174668033,14.197850424787221,0.0,0.0,2254.662729695819
162,3,0.367421240788176,25.09204508708838,1.0132992354288228,0.051606970978257304,0.0,0.0,2254.662729695819
163,1,0.5851580137368662,0.966001088443563,0.10245218125366287,0.012934732247509313,0.0,0.0,4564.858932173053
163,2,0.0375223507141222,7167.884144141944,760.2117371566405,95.97780302196853,0.0,0.0,4564.858932173053
163,3,0.37731963554901415,29.734442785123644,3.153576696902588,0.3981435016539626,0.0,0.0,4564.858932173053
164,1,0.5851580117669299,0.9660010793806437,0.10245218401390985,0.01293473306579667,0.0,0.0,4564.859015934767
164,2,0.03752235090041153,7167.884109677169,760.2117611150783,95.97780953276396,0.0,0.0,4564.859015934767
164,3,0.37731963733266044,29.73444255839078,3.1535767874053224,0.3981435275410268,0.0,0.0,4564.859015934767
165,1,0.5851580137368665,0.9660010884435631,0.10245218125366297,0.012934732247509337,0.0,0.0,4564.858932173055
165,2,0.037522350714122174,7167.8841441419445,760.2117371566412,95.9778030219687,0.0,0.0,4564.858932173055
165,3,0.37731963554901393,29.73444278512365,3.153576696902591,0.3981435016539634,0.0,0.0,4564.858932173055
166,1,0.04261524661559879,5413.759483791835,462.63167103606435,40.346010887690205,0.0,0.0,5144.045059454251
166,2,0.4955446018853653,97.13362809861728,8.300533633899946,0.7238877952669595,0.0,0.0,5144.045059454251
166,3,0.46184015149903856,3.1534514262752253,0.26947752430386024,0.023501078309668504,0.0,0.0,5144.045059454251
167,1,0.3634874949066398,45.189193122214185,-6.309580168982817,0.982024676342236,0.0,0.0,5221.365764129968
167,2,0.6045195375602368,1.3757921175101775,-0.19209616418262251,0.029897896279275988,0.0,0.0,5221.365764129968
167,3,0.031992967533126374,8235.685033145795,-1149.9146449149782,178.97301036684937,0.0,0.0,5221.365764129968
168,1,0.6183626018462678,0.6601613334225562,0.03216144972811588,0.0025550538400266215,0.0,0.0,3010.2542463310706
168,2,0.04120763385015133,6648.105376865521,323.87947618316514,25.73047876645224,0.0,0.0,3010.2542463310706
168,3,0.3404297643035829,18.699911598698208,0.9110140754287237,0.07237515819156533,0.0,0.0,3010.2542463310706
169,1,0.6183626018462678,0.6601613334225562,0.03216144972811588,0.0025550538400266215,0.0,0.0,3010.2542463310706
169,2,0.04120763385015133,6648.105376865521,323.87947618316514,25.73047876645224,0.0,0.0,3010.2542463310706
169,3,0.3404297643035829,18.699911598698208,0.9110140754287237,0.07237515819156533,0.0,0.0,3010.2542463310706
170,1,0.041806976291739635,5509.252915847243,531.2733084224617,52.28364603740423,0.0,0.0,5423.293603245758
170,2,0.4913669693023563,98.8209358945849,9.529590736904161,0.9378256747907763,0.0,0.0,5423.293603245758
170,3,0.46682605440590724,3.249188169592897,0.3133286808418879,0.030835288697540476,0.0,0.0,5423.293603245758
171,1,0.3634919205760334,45.188327358802965,-6.312671771266675,0.9830060777133331,0.0,0.0,5222.53977180011
171,2,0.6045146688174009,1.3757622748745206,-0.19218980175158376,0.029927699402375035,0.0,0.0,5222.53977180011
171,3,0.031993410606568524,8235.576334324003,-1150.4849434457178,179.1529375679693,0.0,0.0,5222.53977180011
172,1,0.04553536417927291,6061.086023781488,-1302.6217582288432,542.7346131365455,0.0,0.0,6416.029934861842
172,2,0.3489501421590604,12.780218491156445,-2.7466679430351477,1.144393415863583,0.0,0.0,6416.029934861842
172,3,0.6055144936616701,0.5265672582572601,-0.11316750250458778,0.04715100166526337,0.0,0.0,6416.029934861842
173,1,0.0290932285654875,8147.414163438367,-909.9211595197844,104.6969146913924,0.0,0.0,5394.1700723074
173,2,0.41802515327040884,99.8423037919172,-11.150608403234529,1.2830059885261798,0.0,0.0,5394.1700723074
173,3,0.5528816181641064,3.2777340612125108,-0.3660645595948587,0.04211994585077206,0.0,0.0,5394.1700723074
174,1,0.045950337771701454,5958.043993476679,389.74586496425303,35.705560791571216,0.0,0.0,3311.690504702917
174,2,0.5836560906892782,0.5624578792936815,0.03679322155245737,0.0033707159637973525,0.0,0.0,3311.690504702917
174,3,0.37039357153902264,17.900700301143107,1.1709755634522898,0.10727590187550773,0.0,0.0,3311.690504702917
175,1,0.6417086680398847,0.35248030259915986,0.005327454466895945,0.0006072235466705795,0.0,0.0,1647.3386632528832
175,2,0.047894411609790785,5785.228573378009,87.4390471694125,9.96630729922366,0.0,0.0,1647.3386632528832
175,3,0.3103969203503271,11.020493182517106,0.16656583417474916,0.018985182737876284,0.0,0.0,1647.3386632528832
176,1,0.6417086680398847,0.35248030259915986,0.005327454466895945,0.0006072235466705795,0.0,0.0,1647.3386632528832
176,2,0.047894411609790785,5785.228573378009,87.4390471694125,9.96630729922366,0.0,0.0,1647.3386632528832
176,3,0.3103969203503271,11.020493182517106,0.16656583417474916,0.018985182737876284,0.0,0.0,1647.3386632528832
177,1,0.04261524661559843,5413.759483791873,462.6316710360673,40.346010887690454,0.0,0.0,5144.045059454248
177,2,0.4955446018853652,97.13362809861682,8.3005336338999,0.7238877952669553,0.0,0.0,5144.045059454248
177,3,0.4618401514990393,3.153451426275206,0.2694775243038584,0.023501078309668338,0.0,0.0,5144.045059454248
178,1,0.3634919205760337,45.18832735880326,6.312671771266714,0.9830060777133383,0.0,0.0,5222.5397718001195
178,2,0.6045146688174006,1.3757622748745297,0.19218980175158495,0.029927699402375194,0.0,0.0,5222.5397718001195
178,3,0.03199341060656852,8235.576334324034,1150.484943445722,179.1529375679698,0.0,0.0,5222.5397718001195
179,1,0.6339475984178413,0.32796058365331,-0.01625920769018012,0.007747394619549788,0.0,0.0,4640.924691255096
179,2,0.048546285341477376,5711.125518242113,-283.13883001241237,134.9136003440451,0.0,0.0,4640.924691255096
179,3,0.3175061162406848,10.42140999277403,-0.5166592509670372,0.24618438840043533,0.0,0.0,4640.924691255096
180,1,0.029093228565487475,8147.414163438372,-909.9211595197851,104.69691469139246,0.0,0.0,5394.170072307399
180,2,0.4180251532704088,99.84230379191722,-11.15060840323453,1.28300598852618,0.0,0.0,5394.170072307399
180,3,0.5528816181641064,3.2777340612125108,-0.3660645595948587,0.04211994585077206,0.0,0.0,5394.170072307399
181,1,0.04596814411464162,5955.796063508312,-390.79232952863276,35.911087242361674,0.0,0.0,3318.7436367804976
181,2,0.5835443463256804,0.56216783905255,-0.036886904297393414,0.003389649023874419,0.0,0.0,3318.7436367804976
181,3,0.3704875095596812,17.890018357388712,-1.1738618775129224,0.10786971265453259,0.0,0.0,3318.7436367804976
182,1,0.045968144114641715,5955.796063508295,390.7923295286283,35.911087242361106,0.0,0.0,3318.7436367804785
182,2,0.5835443463256805,0.5621678390525453,0.036886904297392775,0.0033896490238743467,0.0,0.0,3318.7436367804785
182,3,0.3704875095596809,17.890018357388563,1.1738618775129024,0.10786971265453028,0.0,0.0,3318.7436367804785
183,1,0.04596814411464161,5955.796063508312,-390.7923295286322,35.911087242361596,0.0,0.0,3318.7436367804944
183,2,0.5835443463256804,0.5621678390525495,-0.03688690429739332,0.0033896490238744087,0.0,0.0,3318.7436367804944
183,3,0.37048750955968096,17.890018357388705,-1.1738618775129201,0.1078697126545323,0.0,0.0,3318.7436367804944
184,1,0.37679886394477025,5.259555088018924,1.8237431259686795e-15,2.6297762291213475e-06,0.0,0.0,-9327.627913682485
184,2,0.5869952189746508,0.12597419206456234,4.368136904784085e-17,6.298706453874889e-08,0.0,0.0,-9327.627913682485
184,3,0.036205917080581046,3820.6814330999487,1.324815765501708e-12,0.0019103397613800936,0.0,0.0,-9327.627913682485
185,1,0.37679886394477025,5.259555088018924,1.8237431259686795e-15,2.6297762291213475e-06,0.0,0.0,-9327.627913682485
185,2,0.5869952189746508,0.12597419206456234,4.368136904784085e-17,6.298706453874889e-08,0.0,0.0,-9327.627913682485
185,3,0.036205917080581046,3820.6814330999487,1.324815765501708e-12,0.0019103397613800936,0.0,0.0,-9327.627913682485
186,1,0.37679886394477025,5.259555088018924,1.7263400921179846e-15,2.6297762291213475e-06,0.0,0.0,-9327.627913682485
186,2,0.5869952189746508,0.12597419206456234,4.1348421053450656e-17,6.298706453874889e-08,0.0,0.0,-9327.627913682485
186,3,0.036205917080581046,3820.6814330999487,1.2540595975876784e-12,0.0019103397613800936,0.0,0.0,-9327.627913682485
187,1,0.37679886394477025,5.259555088018924,6.242086714477949e-16,2.6297762291213475e-06,0.0,0.0,-9327.627913682485
187,2,0.5869952189746508,0.12597419206456234,1.49507290539566e-17,6.298706453874889e-08,0.0,0.0,-9327.627913682485
187,3,0.036205917080581046,3820.6814330999487,4.5344186750953463e-13,0.0019103397613800936,0.0,0.0,-9327.627913682485
188,1,0.37679886394477025,5.259555088018924,8.63573978957337e-16,2.6297762291213475e-06,0.0,0.0,-9327.627913682485
188,2,0.5869952189746508,0.12597419206456234,2.068388532234315e-17,6.298706453874889e-08,0.0,0.0,-9327.627913682485
188,3,0.036205917080581046,3820.6814330999487,6.2732322645057e-13,0.0019103397613800936,0.0,0.0,-9327.627913682485
189,1,0.37679886394477025,5.259555088018924,1.1511606249681168e-15,2.6297762291213475e-06,0.0,0.0,-9327.627913682485
189,2,0.5869952189746508,0.12597419206456234,2.7572014598200053e-17,6.298706453874889e-08,0.0,0.0,-9327.627913682485
189,3,0.036205917080581046,3820.6814330999487,8.362338549035065e-13,0.0019103397613800936,0.0,0.0,-9327.627913682485
190,1,0.37679886394477025,5.259555088018924,3.196167529222734e-18,2.6297762291213475e-06,0.0,0.0,-9327.627913682485
190,2,0.5869952189746508,0.12597419206456234,7.65529812804907e-20,6.298706453874889e-08,0.0,0.0,-9327.627913682485
190,3,0.036205917080581046,3820.6814330999487,2.3217815445636603e-15,0.0019103397613800936,0.0,0.0,-9327.627913682485
191,1,0.37679886394477025,5.259555088018924,-1.1521148998101283e-15,2.6297762291213475e-06,0.0,0.0,-9327.627913682485
191,2,0.5869952189746508,0.12597419206456234,-2.7594870904525996e-17,6.298706453874889e-08,0.0,0.0,-9327.627913682485
191,3,0.036205917080581046,3820.6814330999487,-8.369270656618182e-13,0.0019103397613800936,0.0,0.0,-9327.627913682485
192,1,0.37679886394477025,5.259555088018924,-3.3527514906955876e-16,2.6297762291213475e-06,0.0,0.0,-9327.627913682485
192,2,0.5869952189746508,0.12597419206456234,-8.030340079444262e-18,6.298706453874889e-08,0.0,0.0,-9327.627913682485
192,3,0.036205917080581046,3820.6814330999487,-2.435528320537807e-13,0.0019103397613800936,0.0,0.0,-9327.627913682485
193,1,0.37679886394477025,5.259555088018924,-1.0536550729769182e-15,2.6297762291213475e-06,0.0,0.0,-9327.627913682485
193,2,0.5869952189746508,0.12597419206456234,-2.5236611141378948e-17,6.298706453874889e-08,0.0,0.0,-9327.627913682485
193,3,0.036205917080581046,3820.6814330999487,-7.654032150713349e-13,0.0019103397613800936,0.0,0.0,-9327.627913682485
194,1,0.37679886394477025,5.259555088018924,1.6031990062178854e-18,2.6297762291213475e-06,0.0,0.0,-9327.627913682485
194,2,0.5869952189746508,0.12597419206456234,3.83990083090999e-20,6.298706453874889e-08,0.0,0.0,-9327.627913682485
194,3,0.036205917080581046,3820.6814330999487,1.164606620543666e-15,0.0019103397613800936,0.0,0.0,-9327.627913682485
195,1,0.37679886394477025,5.259555088018924,-1.9105499368350493e-15,2.6297762291213475e-06,0.0,0.0,-9327.627913682485
195,2,0.5869952189746508,0.12597419206456234,-4.5760521691284533e-17,6.298706453874889e-08,0.0,0.0,-9327.627913682485
195,3,0.036205917080581046,3820.6814330999487,-1.3878745537439435e-12,0.0019103397613800936,0.0,0.0,-9327.627913682485
196,1,0.37679886394477025,5.259555088018924,4.9001172275518406e-17,2.6297762291213475e-06,0.0,0.0,-9327.627913682485
196,2,0.5869952189746508,0.12597419206456234,1.1736511899431315e-18,6.298706453874889e-08,0.0,0.0,-9327.627913682485
196,3,0.036205917080581046,3820.6814330999487,3.5595761614833287e-14,0.0019103397613800936,0.0,0.0,-9327.627913682485
197,1,0.37679886394477025,5.259555088018924,-1.850779660157336e-18,2.6297762291213475e-06,0.0,0.0,-9327.627913682485
197,2,0.5869952189746508,0.12597419206456234,-4.4328934382483026e-20,6.298706453874889e-08,0.0,0.0,-9327.627913682485
197,3,0.036205917080581046,3820.6814330999487,-1.3444558267732938e-15,0.0019103397613800936,0.0,0.0,-9327.627913682485
198,1,0.37679886394477025,5.259555088018924,0.0,2.6297762291213475e-06,0.0,0.0,-9327.627913682485
198,2,0.5869952189746508,0.12597419206456234,0.0,6.298706453874889e-08,0.0,0.0,-9327.627913682485
198,3,0.036205917080581046,3820.6814330999487,0.0,0.0019103397613800936,0.0,0.0,-9327.627913682485
199,1,0.37679886394477025,5.259555088018924,0.0,2.6297762291213475e-06,0.0,0.0,-9327.627913682485
199,2,0.5869952189746508,0.12597419206456234,0.0,6.298706453874889e-08,0.0,0.0,-9327.627913682485
199,3,0.036205917080581046,3820.6814330999487,0.0,0.0019103397613800936,0.0,0.0,-9327.627913682485
200,1,0.37679886394477025,5.259555088018924,0.0,2.6297762291213475e-06,0.0,0.0,-9327.627913682485
200,2,0.5869952189746508,0.12597419206456234,0.0,6.298706453874889e-08,0.0,0.0,-9327.627913682485
200,3,0.036205917080581046,3820.6814330999487,0.0,0.0019103397613800936,0.0,0.0,-9327.627913682485
201,1,0.07700042756797165,3397.0568126944136,5.917457147048781,0.13051879287268606,0.0,0.0,2183.4142189846702
201,2,0.5000103115879408,2.3438385198869063,0.004082817793686591,9.005294617416254e-05,0.0,0.0,2183.4142189846702
201,3,0.42298926084408944,37.92919642308744,0.06607025046413492,0.001457282937769254,0.0,0.0,2183.4142189846702
202,1,0.0770004275679716,3397.0568126944204,-5.917457147048883,0.1305187928726897,0.0,0.0,2183.414218984682
202,2,0.500010311587942,2.3438385198868876,-0.004082817793686621,9.005294617416416e-05,0.0,0.0,2183.414218984682
202,3,0.4229892608440886,37.929196423087234,-0.06607025046413559,0.0014572829377692842,0.0,0.0,2183.414218984682
203,1,0.030923707228930626,4722.22909455378,-0.2537167960296553,0.0025697832402760902,0.0,0.0,-6456.950801122251
203,2,0.2787767591662995,15.490995687745826,-0.0008323030743546483,8.43002325733628e-06,0.0,0.0,-6456.950801122251
203,3,0.6902995336047733,1.0885012665228435,-5.8483196873042475e-05,5.923499804267797e-07,0.0,0.0,-6456.950801122251
204,1,0.030923707228930605,4722.229094553834,0.25371679602934594,0.002569783240276123,0.0,0.0,-6456.950801122213
204,2,0.2787767591662935,15.490995687747157,0.0008323030743536952,8.430023257337016e-06,0.0,0.0,-6456.950801122213
204,3,0.690299533604777,1.0885012665228337,5.848319687296994e-05,5.923499804267751e-07,0.0,0.0,-6456.950801122213
205,1,0.030923707228930983,4722.229094553738,-0.2537167960300008,0.0025697832402761006,0.0,0.0,-6456.950801122871
205,2,0.2787767591662681,15.490995687746105,-0.0008323030743558041,8.430023257336543e-06,0.0,0.0,-6456.950801122871
205,3,0.6902995336048033,1.0885012665225013,-5.848319687310425e-05,5.923499804266012e-07,0.0,0.0,-6456.950801122871
206,1,0.37679886394477025,5.259555088018924,0.0,2.6297762291213475e-06,0.0,0.0,-9327.627913682485
206,2,0.5869952189746508,0.12597419206456234,0.0,6.298706453874889e-08,0.0,0.0,-9327.627913682485
206,3,0.036205917080581046,3820.6814330999487,0.0,0.0019103397613800936,0.0,0.0,-9327.627913682485
207,1,0.37679886394477025,5.259555088018924,0.0,2.6297762291213475e-06,0.0,0.0,-9327.627913682485
207,2,0.5869952189746508,0.12597419206456234,0.0,6.298706453874889e-08,0.0,0.0,-9327.627913682485
207,3,0.036205917080581046,3820.6814330999487,0.0,0.0019103397613800936,0.0,0.0,-9327.627913682485
208,1,0.37679886394477025,5.259555088018924,0.0,2.6297762291213475e-06,0.0,0.0,-9327.627913682485
208,2,0.5869952189746508,0.12597419206456234,0.0,6.298706453874889e-08,0.0,0.0,-9327.627913682485
208,3,0.036205917080581046,3820.6814330999487,0.0,0.0019103397613800936,0.0,0.0,-9327.627913682485
209,1,0.5239833959435182,4.471180440810982,-0.3579664657531939,0.029164026918910565,0.0,0.0,4902.737473596609
209,2,0.025558459204154414,8448.431772476508,-676.3885517002011,55.10631809580781,0.0,0.0,4902.737473596609
209,3,0.45045814485233016,137.35515630661286,-10.996769311134655,0.8959221236999885,0.0,0.0,4902.737473596609
210,1,0.5239833959435178,4.47118044081103,0.35796646575319746,0.029164026918910818,0.0,0.0,4902.737473596597
210,2,0.025558459204154504,8448.43177247652,676.3885517002017,55.10631809580778,0.0,0.0,4902.737473596597
210,3,0.4504581448523305,137.35515630661436,10.996769311134768,0.8959221236999966,0.0,0.0,4902.737473596597
