0,1,2,3,4,5,6,7,8,9
-0.6222222222222222,0.0469083155650319,0.0441400304414003,0.1967871485943775,0.2968036529680365,-0.7211740041928721,0.3426741393114491,0.542713567839196,0.0249110320284697,-0.1124586549062844
0.0994475138121546,0.0779220779220779,-0.0318021201413427,-0.0853573907009021,-0.044776119402985,0.0479074889867841,0.112845990063875,0.0344827586206896,-0.0193877551020408,-0.6459016393442623
-0.0194375516956162,0.0587930587930587,0.1247600767754318,-0.0658250676284941,0.0746268656716417,-0.0413308534821244,-0.2862190812720848,0.0503597122302158,0.0113686051595977,0.0365448504983388
0.0843273231622746,0.03466796875,-0.3440860215053763,0.0406626506024096,-0.4609375,0.0671108995716325,0.0701949860724234,-0.0384615384615384,-0.1633881046054154,-0.0374639769452449
-0.0146551724137931,0.0208824520040417,-0.0229508196721311,0.0661241098677517,0.0407407407407407,-0.022625187156879,-0.0459597476719735,-0.0063091482649842,-0.0562292091426118,-0.0780346820809248
-0.538083538083538,-0.6070038910505836,0.3006535947712418,0.3594771241830065,0.5416666666666666,-0.7931330472103004,-0.0039468963042698,-5.5,-0.0386879730866274,-0.0051413881748071
-0.4867256637168141,-0.2479338842975206,0.1258169934640522,-0.0827648931332423,-0.9,0.0131147540983606,-0.0018726591760299,0.0304964539007092,-0.2693229478729778,-3.875
0.0782918149466192,0.0769230769230769,-0.0047169811320754,0.0324361628709454,0.2037037037037037,-0.0439393939393939,0.0776601109430156,0.0,-0.1559633027522936,-0.5060975609756098
-0.2523240371845949,-0.0106100795755968,-0.1222222222222222,0.0665024630541872,-0.1212121212121212,-0.0115874855156431,0.0809968847352024,0.0,0.0142978182588434,-0.076993583868011
-0.2805333333333333,0.0758620689655172,0.8636363636363636,-0.0763438977412011,-1.6666666666666667,-0.1059584035975267,-0.1609907120743034,-0.0439716312056737,-0.2164549972390944,-0.4135338345864661
0.092473791268972,-0.5197080291970803,-0.0418994413407821,-0.0272181454302868,0.0842105263157894,0.0947284978200554,-0.1108736942070275,-0.0012492192379762,-0.275260029717682,-3.692307692307693
-0.2701612903225806,-0.0057636887608069,-0.8108108108108109,-0.1280193236714976,0.3617021276595745,-0.0674308833445718,0.0825526932084309,-3.857142857142857,0.0260095824777549,0.0124333925399644
-0.3650306748466257,0.1046966731898238,0.2128440366972477,0.2048364153627311,0.024390243902439,0.0113812726332126,0.010172490048651,-1.0,0.0989110707803992,0.1091644204851752
0.0195473251028806,0.5440414507772021,0.1182170542635659,-0.4459203036053131,-2.473684210526316,-0.3843058350100604,-4.1688311688311686,-0.1153846153846153,-0.189270538243626,-0.0295930949445129
0.0165289256198347,-0.1082910321489001,0.1095890410958904,-0.2097560975609756,-0.3181818181818182,-0.1960907944514502,-0.3711340206185567,-0.0341880341880341,-0.0360313315926892,-0.3128491620111732
0.1364035087719298,0.2477962781586679,-0.1346153846153846,0.0188392007611798,0.1265306122448979,0.0305028854080791,-0.0949898638864755,0.0155957579538365,0.0822339489885664,-0.7606837606837606
-0.2183406113537118,-0.0688788335847159,-0.2519280205655527,0.104602510460251,-0.0405405405405405,-0.0421111734980348,0.1314083677077195,-0.2,0.2113330236878773,-0.4654377880184331
-0.1406124093473005,-0.2040816326530612,0.1733333333333333,-0.0169746454662655,-0.1638225255972696,-0.0032281205164992,-0.0734838424081451,0.048811013767209,0.0701350016463615,-0.1103896103896103
0.3018867924528302,0.4931972789115646,0.41015625,0.2216216216216216,-4.333333333333333,0.5312084993359893,0.0831460674157303,0.21,0.1408202263707188,-0.1370869033047735
-0.0836326321190354,-0.944186046511628,0.7317073170731707,-0.5816537467700258,0.4666666666666667,-0.0012379642365887,0.2427831236121391,-2.56930693069307,0.1112975391498881,-1.5466666666666666
-0.0280448717948717,0.0649974709155285,0.1386321626617375,-0.0369583687340696,-0.1153846153846153,-0.0298661174047373,-0.3173076923076923,0.0612244897959183,0.0165289256198347,0.0436933223413025
-0.0106100795755968,0.5,0.1862745098039215,-1.1917808219178083,-4.363636363636363,-0.375,-0.3905429071803853,0.1616161616161616,0.0281716417910447,-0.151937984496124
-0.0222531293463143,0.0336633663366336,-0.1173814898419864,0.0302571860816944,0.2706766917293233,0.1432537479178234,-0.0040411462160176,0.375,0.0777467411545623,-1.224669603524229
-0.0137733887733887,0.1060315021129466,-0.2524916943521594,-0.0455207574654042,0.1678832116788321,0.0258215962441314,0.0299155609167671,0.0050441361916771,0.0379861320470304,-0.0830367734282325
0.1338495575221239,-0.2012987012987013,-0.78,0.0390262751159196,-0.0095693779904306,0.0169582292038557,0.0307660108832147,0.0196681007990165,0.0514541387024608,-1.871794871794872
-0.0208333333333333,0.0032768978700163,0.109375,0.0426710097719869,-0.008,-0.031210986267166,0.0007846214201647,-0.4789915966386555,-0.0172821969696969,-0.3263888888888889
0.0951262477980035,0.0780876494023904,0.4222222222222222,0.0166890180300998,0.1578947368421052,-0.0170637119113573,-0.0346329775648006,-0.0519568151147098,0.0331439393939393,-0.6271186440677966
0.0875088214537755,-0.0377128953771289,-0.3283582089552239,0.024495058014611,-0.0036496350364963,-0.0129310344827586,-0.4025974025974026,0.1496259351620947,0.0206022187004754,-0.059322033898305
-0.258974358974359,-0.3592630501535312,0.746268656716418,-0.5699719602345144,-1.0909090909090908,-0.0467643467643467,0.1268700213716728,-1.4228769497400346,-0.2220302375809935,-0.7524752475247525
-0.0081521739130434,-0.0575539568345323,0.2834645669291338,-0.9390243902439024,-0.1524752475247524,0.0756953944368445,0.0835164835164835,0.3901996370235934,0.0302653867871259,0.0448669201520912
-0.588,0.0547263681592039,0.3073929961089494,0.1814223512336719,-0.64,0.0320773930753564,0.0208900999091734,0.0,0.1579988694177501,0.1437823834196891
-0.1535269709543568,-0.009375,0.0574098798397863,-0.0831353919239905,-0.2456140350877192,0.0736196319018405,0.337992376111817,0.1172839506172839,-0.1692535107169253,-0.3076923076923077
0.0114709851551956,0.0022909507445589,-0.375,0.0190956309196455,-0.1214953271028037,-0.0206712344675415,-0.0834687246141348,-0.0012383900928792,0.0395002015316404,-0.0404040404040404
0.1109350237717908,0.3126934984520124,0.4166666666666667,0.1594684385382059,0.3658536585365853,0.1360842844600527,-0.5655737704918032,0.0,0.0751228342384277,-0.3636363636363636
-0.1533970276008492,0.0083798882681564,0.1776,-0.0940308087291399,0.3592814371257485,-0.402784222737819,-0.1588687150837988,-1.446808510638298,0.0315544260906395,0.1992337164750957
-0.1402085747392815,0.1154499151103565,-0.0594059405940594,0.0746268656716417,-0.087719298245614,-0.0411700975081256,0.172573189522342,0.0,-0.0165307232191408,-0.1303520456707897
0.1956390066626287,-0.0825921219822109,0.3956262425447316,0.004266873545384,-0.0069930069930069,-0.3428571428571428,0.1800367421922841,-0.2857142857142857,0.0773648282587495,-0.0356164383561643
-0.0941467946732734,-1.1150442477876106,0.25,-0.0634294929224153,-0.1130434782608695,0.0339520144861928,-0.0372696817420435,-0.0383561643835616,0.1890934844192634,-0.6149068322981367
-0.8924731182795699,-0.8527131782945736,0.2509578544061303,0.2481162540365984,-1.2857142857142858,-0.4576547231270358,-0.3872491145218418,-0.0790123456790123,-0.2538817760828112,-2.6
0.2485632183908045,-0.2615101289134438,-0.0633484162895927,0.0027801539777587,0.2027972027972027,-0.2070963070238957,-0.1044885945548197,-2.8333333333333335,0.0036401456058242,-0.9146757679180888
-0.2306486994672516,0.0120884773662551,0.2591414944356121,-0.0593782745371987,0.3396226415094339,-0.2804490574030925,-0.2128913443830571,-2.4,0.0276541640178003,0.1742243436754176
0.0694970254191454,0.0112359550561797,-0.2714932126696832,-0.365079365079365,0.3785714285714285,-0.1033362218370883,-0.123477530449391,-0.0803418803418803,0.0502172246358292,-0.1816091954022988
0.0149625935162094,0.4845360824742268,0.1101871101871102,-0.5576470588235294,-3.6,-0.5820512820512821,-1.3681592039800996,-0.2753623188405797,-0.0547647291419533,0.1037613488975356
0.3238341968911917,0.436426116838488,0.4217557251908397,0.3502304147465437,-3.142857142857143,0.5683615819209039,0.1153324287652645,0.0804597701149425,0.1683266932270916,-0.0153005464480874
0.0975126171593366,0.1127572016460905,-0.6666666666666666,-0.0649578092660404,-0.5757575757575758,0.0315774568111016,0.148441722212214,-0.0173267326732673,-0.1000727802037845,-0.3931623931623931
0.1174398120963006,0.0701754385964912,-0.147239263803681,0.1131140153222172,0.051051051051051,0.0889192886456908,0.2247706422018348,-0.0375722543352601,0.05627481443121,-0.0278260869565217
0.2445431002589715,0.2048192771084337,0.0348101265822784,0.2038576654472896,0.1651917404129793,0.1636912245411114,0.3294430794430794,0.2631578947368421,-0.1047554083024751,0.0480928689883913
-0.0280158206987475,-0.7722222222222223,-0.6666666666666666,0.023489932885906,-0.4545454545454545,0.1337868480725623,0.1687440076701821,0.0,-0.1113610798650168,0.0231660231660231
-0.0344827586206896,-0.0190380761523046,-0.0120481927710843,0.065079365079365,-0.45,0.0464161667192927,0.0460959548447789,-0.0555555555555555,-0.1322985957132298,-0.4419354838709677
-1.952054794520548,0.1642019377868434,0.0472779369627507,0.0688798554652213,-0.05,0.1938022626660108,0.1210398050365556,0.1854077253218884,-0.6820857863751051,-1.084070796460177
0.2337617228204237,0.0097481722177091,0.4545454545454545,-0.4822167080231596,-0.2258064516129032,-0.2189421894218942,0.3525641025641026,0.1290322580645161,0.0331709580143818,0.1233480176211453
0.0121065375302663,-0.2797427652733119,0.4850746268656716,-0.0681114551083591,-0.0769230769230769,0.0183767228177641,-0.0055555555555555,0.4311023622047244,0.0127902400629673,-0.2528517110266159
0.0339506172839506,-0.005813953488372,0.2939481268011527,-0.1165590135055783,0.1160714285714285,0.0663670929830625,0.0920568122041031,0.0723729993041057,-0.1662116589047695,0.028235294117647
0.0275551102204408,-0.0384615384615384,-0.5714285714285714,0.0030849915162733,-0.0490196078431372,-0.0469023451172558,-0.0753104009769998,-0.0024783147459727,0.0340494527766518,-0.0198019801980198
0.2749213011542497,-0.4867503486750348,-0.5272727272727272,-0.0494949494949494,-0.592,-0.3433162892622352,0.0430434782608695,0.4635761589403973,-0.3279839518555667,-0.3111111111111111
0.0587121212121212,-0.2521739130434782,0.2259414225941422,-0.7629757785467128,-0.6530612244897959,0.0322274881516587,0.3739463601532567,0.4101796407185629,0.1123388581952117,0.0452771272443403
-0.554006968641115,-0.527363184079602,0.3333333333333333,0.5732484076433121,-0.0909090909090909,-0.8786057692307693,-0.0247506464721093,-6.777777777777778,-0.0331269867826668,-0.1399416909620991
-0.8345864661654135,-0.6767955801104972,0.6886792452830188,-0.3447432762836185,-0.2796610169491525,-0.2122788761706555,0.0498489425981873,0.4,-0.0408382590005373,-0.1381668946648427
-1.2138810198300285,0.0887491264849755,-0.8648648648648649,-0.0727650727650727,0.2763157894736842,0.2061206120612061,0.0391304347826087,-6.538461538461538,-0.0258404415454089,-0.5861297539149888
0.0250544662309368,0.0703661327231121,-0.2751937984496124,0.1315240083507307,0.0163934426229508,-0.0391658189216683,0.029375,-0.1111111111111111,0.2006892895015906,-0.1839080459770115
0.1006006006006006,-0.0848153214774281,-0.0551181102362204,0.0313293818797629,-0.13215859030837,0.0292397660818713,-0.3375,0.2105263157894736,-0.0781159139368094,0.0157480314960629
0.0081799591002045,-0.0588803088803088,0.2378640776699029,0.0124450951683748,-0.1742627345844504,-0.0095238095238095,0.0658227848101265,0.2086614173228346,0.112568639414277,-0.4480151228733459
0.0813214739517153,-0.1342894393741851,0.2759562841530054,-0.0462555066079295,-0.8181818181818182,0.1754148323738571,0.38068669527897,0.3236994219653179,0.1032851511169513,-0.1834862385321101
-0.0454096742349457,-0.6773455377574371,0.3775100401606425,-0.2147143229846073,-1.451851851851852,-0.2663712456917774,-0.0057416267942583,0.0287277701778385,0.0935467733866933,-0.2830188679245283
-0.0526864893062076,0.1170577379383074,-0.0496083550913838,-0.0649882903981264,0.2016129032258064,0.0113926537026124,-0.2365819209039548,-0.1262135922330097,0.0481786133960047,0.0602893890675241
0.0208333333333333,-0.3073593073593073,-0.5,0.1808510638297872,-0.0666666666666666,-0.1375617792421746,0.2504440497335701,0.46875,0.2630753138075314,-0.0485338725985844
0.0727272727272727,0.1325167037861915,-0.6,0.0286995515695067,0.0210843373493975,0.015855039637599,0.1707602339181286,-10.75,0.2398239823982398,0.0634920634920634
0.0848200312989045,-0.474025974025974,-0.0210526315789473,-0.0219385719984044,0.0560747663551401,0.0626837743918738,-0.0897017707362534,-0.0087994971715901,-0.563514467184192,-3.4318181818181817
0.1544715447154471,0.2623866015352407,0.0393401015228426,-0.1025641025641025,0.0481540930979133,0.5954997383568812,-0.2040498442367601,0.2847682119205298,0.1817420435510887,-0.0399579390115667
-0.08036454018227,0.1925031766200762,-0.0220820189274447,0.0220372184133202,0.0323624595469255,0.0213447171824973,-0.0005783689994216,0.0345911949685534,0.078774345614688,0.0407608695652173
0.3805970149253731,-0.2050078247261345,-0.4635761589403973,-0.0755447941888619,0.2587064676616915,0.7330275229357798,0.2092391304347826,-0.2635658914728682,0.1099567099567099,-0.0786627335299901
-0.1311210036422501,0.3771929824561403,-1.3333333333333333,-0.3210682492581602,0.3333333333333333,0.1442327820808038,0.130556974961676,0.0050156739811912,-0.0887521968365553,0.3238636363636363
0.067266380236305,0.0874775314559616,-0.1212121212121212,-0.0345025053686471,-0.3,-0.0213339079840534,-0.0229858898497951,-0.0813464235624123,0.0804543303360151,-0.1868131868131868
-0.1294291338582677,-0.5735849056603773,0.1428571428571428,-0.1622225770397573,-1.0,0.001722949689869,-0.0440396587502882,0.0081351689612015,-0.1211163770405476,-2.075
-0.0419331911869225,-0.5660377358490566,0.8909090909090909,-0.0032669062397909,-0.4,-0.0663675011809163,0.2199639825057885,-0.0351105331599479,0.0539593552908199,0.1461187214611872
-0.3967828418230563,-1.3311258278145697,0.2736318407960199,0.0538461538461538,-0.6363636363636364,-0.723404255319149,-0.2731788079470199,0.0772014475271411,-0.2958302491981248,-0.6142857142857143
-0.0760934691431995,0.0538653366583541,0.0731132075471698,-0.1294597349643221,0.1776859504132231,0.1483903420523138,-0.2402930402930403,-0.0694444444444444,-0.0047732696897374,-0.0554511278195488
-0.4427121102248005,0.1203501094091903,-0.1421052631578947,-0.0504217791411042,0.1844660194174757,0.0840130505709624,0.1812289966394623,0.0230031948881789,-0.0468819106590004,-0.2763157894736842
0.2344941956882255,0.0885093167701863,0.4264705882352941,-0.509493670886076,-0.1228070175438596,-0.2347354138398914,0.4009852216748768,0.4981203007518797,0.0797379715382877,0.1
-0.3477611940298507,-0.1709577754891864,-0.1543209876543209,0.0145985401459854,-0.1666666666666666,-0.1306666666666666,-0.0448598130841121,0.0,0.0013929068895317,-0.0584958217270195
0.0983801810385898,0.2895174708818636,0.5263157894736842,-0.1105146242132543,0.1267123287671233,0.0818830242510699,0.1262532491645005,-0.0489875898105813,-0.0137429264349232,0.0805860805860805
0.1155115511551155,0.3458980044345898,0.530188679245283,0.5689655172413793,-2.6666666666666665,0.1473317865429234,-0.1332941867293012,0.2735849056603773,0.1403865717192268,-0.0772855796418473
-0.0409556313993174,0.099236641221374,0.0189125295508274,-0.0953693495038588,0.2272727272727272,0.0067180399130606,-0.3350668647845468,-0.1515151515151515,0.0385237941081256,0.0707472178060413
0.1021765417170495,-0.0660377358490566,-0.765625,0.022430981595092,0.0308008213552361,-0.0437558685446009,0.0668616798997074,0.0166872682323856,0.0041987403778866,-1.1785714285714286
0.0041771094402673,-0.2358276643990929,0.1875,0.0245669848002827,0.050595238095238,-0.035329018338727,-0.1071969696969697,0.0169597989949748,0.0431372549019607,-0.2705314009661835
-0.2498876404494382,0.1998953427524856,0.1413612565445026,-0.0691803278688524,0.122681883024251,-0.0220628792057363,-0.0193771626297577,-0.0081234768480909,0.1304567247035074,0.0069044879171461
-0.217391304347826,-0.13671875,-0.4736842105263157,0.0665829145728643,-0.029585798816568,0.1106870229007633,0.1358337557019766,0.2041884816753926,0.0991174473862864,-0.0259605399792315
-0.1111111111111111,-0.1123188405797101,0.0416666666666666,-0.2067039106145251,-0.4545454545454545,-0.0357643758765778,0.1565762004175365,0.2666666666666666,0.2457696881002469,0.0248868778280542
-0.1205325858444288,-1.3777777777777778,-1.2,-0.2153741957331527,-0.45,0.0604498594189315,-0.0165964172813487,-0.0086526576019777,-0.1652954375467464,-0.0666666666666666
0.0292935094773118,0.3372093023255814,0.7352941176470589,-0.0126968004062976,-1.7142857142857142,-0.0650219527493205,-0.4814410480349345,-0.089031339031339,0.0649500384319754,-0.345360824742268
0.2333010648596321,0.0157687253613666,0.0543478260869565,-0.4096824570536179,0.192,-0.2252328535139712,0.3399433427762039,-0.5256410256410257,0.0275921165381319,0.0234806629834254
-0.160754716981132,-1.646153846153846,-1.2,-0.2008148022407061,-0.3333333333333333,-0.0449109752856763,-0.0070977917981072,-0.0074211502782931,-0.1884057971014492,-0.0666666666666666
-0.0103861517976031,0.0624092888243831,-0.3,0.00167255157034,0.0756578947368421,-0.0386988222097588,-0.0149200710479573,0.0025789813023855,0.1152213462704669,-0.64
-0.1294021294021294,-0.3216494845360825,0.3640776699029126,-0.0285587779499667,-0.3039647577092511,0.0971337579617834,-0.2073288331726133,0.0360759493670886,0.096100278551532,-0.1265206812652068
-0.1447084233261339,-0.0412371134020618,0.1915887850467289,-0.189127972819932,-0.6451612903225806,0.0375704445835942,0.064516129032258,0.64,0.0252260828177058,-0.7886435331230284
0.0136425648021828,0.0082720588235294,-0.3052631578947368,0.0682031984948259,0.0789473684210526,0.0755336617405583,0.0727969348659003,0.0702247191011236,0.0724342349018154,-0.059322033898305
0.0438154323381155,0.0857300884955752,0.0575916230366492,0.02328190743338,-0.1382978723404255,0.0585754451733833,0.0635400907715582,-0.369620253164557,-0.1212512926577042,-0.1243718592964824
-0.0120724346076458,0.4226519337016574,0.0697050938337801,-0.3125948406676783,-0.175,0.0744368266405484,-8.891891891891891,-14.2,-0.0600718250081619,-0.2206521739130434
0.0941396508728179,-0.1544943820224719,0.1287878787878787,-0.4268221574344023,0.3636363636363636,-0.2200392927308448,-0.5566265060240964,0.1817258883248731,0.1488182083454916,0.0708050436469447
0.0204252937884723,-0.082901554404145,0.2857142857142857,0.0203498750446269,-0.0610169491525423,-0.072197962154294,-0.0860749808722264,-0.1233815689261233,0.1458333333333333,-0.3024390243902439
0.0764505119453924,0.0830228845130388,-0.0075901328273244,-0.1077922077922077,0.0824468085106382,0.3766855154414963,-0.195162635529608,0.0256410256410256,-0.002092050209205,-0.0337837837837837
0.2341407151095732,-0.5659509202453987,-1.0,-0.0750611911884688,-0.9363636363636364,-0.4474327628361858,-0.0720906282183316,0.4782608695652174,-0.3025086079685194,-1.7928994082840235
0.1459680163320857,0.0511915269196822,-0.7727272727272727,-0.051927616050354,-0.4545454545454545,0.0266557867537059,0.034567396195541,-0.0173267326732673,-0.090288315629742,-0.2777777777777778
-0.0031360250882007,0.0385706182643221,0.0678851174934725,0.0346268656716417,-0.0701754385964912,0.025062034739454,-0.019382911392405,-0.3121387283236994,-0.0723797780517879,0.0
0.1266002844950213,-0.0177232447171097,0.0384615384615384,-0.0567748091603053,-0.1619047619047619,-0.088869715271786,0.1976539589442815,-0.2477763659466327,0.0710957103596606,0.0318761384335154
0.0059837242699856,0.1113352158128277,-0.2857142857142857,-0.061603823685608,0.1181102362204724,-0.0003128911138923,0.0971623155505107,0.0025078369905956,0.0545005403736297,-0.0403800475059382
-0.1923076923076923,-1.1580135440180588,0.0971014492753623,-0.1980928944940018,-0.6728971962616822,-0.2971497877501516,0.0121341898643825,0.0676786843769765,-0.3488789237668161,-18.26315789473684
0.297808764940239,-0.4402102496714848,-0.1318681318681318,-0.0540999514798641,-0.197452229299363,-0.3156794425087108,-0.0513636363636363,0.4726027397260274,-0.4040728831725616,-0.4586894586894587
-0.3357487922705314,-0.6018099547511312,0.0621468926553672,-0.1510734163795388,-0.3216374269005848,-0.2040816326530612,-0.0985915492957746,0.0193591455273698,-0.3133716160787531,-6.145833333333333
0.0571049136786188,0.0,0.0363636363636363,-0.0382862351868732,-0.0027322404371584,-0.1010452961672473,0.1097638800255264,-0.8727272727272727,0.1399491094147582,0.2489451476793249
0.2242961088263207,0.1563444108761329,0.5625,-0.4581589958158996,0.0181818181818181,-0.1153846153846153,0.3927550047664442,0.4780487804878048,0.1474048442906574,-0.2527472527472527
0.1248226950354609,-0.0870185449358059,0.1202346041055718,-0.0712918660287081,-0.1556603773584905,-0.1541284403669724,0.2094117647058823,-0.1945137157107231,0.0879868606288127,0.039747064137308
-0.0609981515711645,0.0443686006825938,0.2075471698113207,0.0343915343915343,-0.1063829787234042,-0.0760667903525046,0.2006783493499152,0.0902255639097744,0.0994614003590664,-0.0870488322717622
-0.0191049463491232,0.0951293759512937,-0.2112211221122112,-0.0496940478397923,0.145985401459854,0.0310089721391468,0.0414814814814814,0.0082018927444794,0.0542382928275044,-0.0830367734282325
0.0125720272393923,-0.0766002098635886,-0.1949152542372881,0.1345437616387337,0.0202898550724637,0.3064903846153846,0.2028985507246377,0.0964467005076142,0.0922149317254832,-0.0069686411149825
-0.0312907431551499,0.0737853988048843,0.1065573770491803,-0.0791984732824427,0.1297709923664122,-0.031843233312921,-0.2614840989399293,-0.008,0.0108279558131904,0.0284757118927973
0.2531328320802005,-0.6696750902527075,-0.3548387096774194,-0.1269181585677749,-0.205,-0.4955197132616487,0.010314875135722,0.636734693877551,-0.1871830336560627,-1.125
-0.3777526821005081,-1.145695364238411,0.3764705882352941,-0.2220885466794995,-1.97,-0.6712085308056872,-0.0253050158156348,0.0034223134839151,0.0413793103448275,-0.2414486921529175
-0.2323943661971831,-0.0266666666666666,0.3235294117647059,-0.296969696969697,-0.7,-0.001325381047051,0.2670731707317073,0.3235294117647059,0.2617726051924798,0.0281848928974069
0.0750077808901338,-0.0283073367995378,-0.3296703296703296,0.0162464985994397,-0.6057692307692307,0.0188149396237012,0.0594883997620464,-0.0909090909090909,-0.0381512217611802,0.0545808966861598
0.3097112860892388,0.5393700787401575,0.3668763102725367,-0.1241830065359477,-3.5,0.4089147286821705,-0.07007007007007,0.3305084745762712,0.1133188450791679,-0.1587078651685393
0.1963630806845965,0.2023106546854942,-0.1870229007633587,0.1546094750320102,-0.1666666666666666,0.2037177954125448,0.3659034232600317,-0.3703703703703703,-0.1049416484318016,-0.0416666666666666
-0.048582995951417,0.0125984251968503,0.06,0.2059308072487644,-0.0714285714285714,-0.0143212951432129,0.0146179401993355,0.2105263157894736,-0.1285607196401799,-0.1686274509803921
-1.4042553191489362,-0.3419354838709677,0.0,0.1743772241992882,0.1784037558685446,-0.7616438356164383,0.3405128205128205,-0.4576271186440678,0.1197809719370294,-0.1042553191489361
-0.4068080357142857,-0.3641863278886872,0.1047619047619047,-0.3967517401392111,-0.6486486486486487,-0.4391271056661562,0.0479971129556116,-0.15,-0.1836959949542731,-0.115987460815047
-0.3055555555555556,-0.6,-0.0621890547263681,-0.0065288356909684,0.1367924528301886,0.0603864734299516,0.3685064935064935,0.5888888888888889,0.1074712643678161,-0.0326609029779058
0.1419753086419753,0.0773405698778833,-0.1481481481481481,-0.082051282051282,0.2914110429447852,-0.0731414868105515,0.1064981949458483,-0.4545454545454545,0.2165846270352139,0.0797546012269938
-0.117412935323383,-0.0191117092866756,0.1687413554633471,-0.122880095209759,0.3856209150326797,-0.6568975725281232,-0.2608695652173913,-1.246696035242291,-0.0649730742214938,0.1311336717428088
-0.006282722513089,-0.0635568513119533,-0.25177304964539,-0.0485232067510548,0.0183299389002036,-0.0256147540983606,0.0754929577464788,-0.2205882352941176,0.1897902451352034,-0.0627062706270627
-0.949004975124378,0.1276041666666666,-0.6744186046511628,-0.0599173553719008,0.6390532544378699,0.21181512090603,0.1170503316426063,-5.703703703703703,-0.0076392311483489,-0.505307855626327
0.0288976097038886,0.0074196207749381,-0.1337209302325581,-0.0166760352257822,0.1349614395886889,-0.0099221789883268,0.0318047337278106,0.0111662531017369,0.0632140137090632,-0.2413793103448276
-0.0512820512820512,0.1120543293718166,0.3601694915254237,-0.1014656144306651,-0.3131868131868132,-0.0338635197537198,0.0482985729967069,-0.6055045871559633,0.1698577680525164,0.0259740259740259
-0.059171597633136,0.0696517412935323,0.1004070556309362,0.167728237791932,-1.8695652173913044,0.1170212765957446,0.1364942528735632,-0.1964285714285714,-0.082375478927203,0.5766423357664233
0.0316185267475645,-0.0949649458253664,-0.0416666666666666,-0.0336146897675107,-0.1119402985074626,-0.0013161743199766,-0.0278753806512063,-0.0018738288569643,0.0457881859489688,-0.8226744186046512
-0.2821100917431192,0.1203599550056243,0.0992907801418439,-0.2316666666666666,0.0135135135135135,-0.0665083135391924,-0.1005215742057847,-2.3333333333333335,-0.0387887036406941,0.0823211875843454
0.0501905972045743,-0.2815126050420168,0.4144736842105263,-0.0802703844528939,-0.0459770114942528,0.0578034682080924,-1.824561403508772,0.3248031496062992,0.1437264208348545,-0.3427991886409736
0.1056410256410256,0.1529480443666082,-0.2689075630252101,-0.1513292433537832,0.0063025210084033,-0.0245614035087719,0.062135922330097,0.0958904109589041,0.1080524826344224,-0.0220588235294117
-0.0078504672897196,-0.0225201072386058,0.1076115485564304,0.0180662428905988,-0.048780487804878,-0.0649161196207148,-0.0166007905138339,-0.3708333333333333,-0.0059697998361231,-0.3046448087431694
0.2495587716201906,0.1963737796373779,0.093093093093093,0.1914467089876378,0.1514285714285714,0.1656501585752622,0.3379556259904913,0.2334801762114537,-0.088212708773277,0.0620915032679738
0.0801369863013698,0.0363436123348017,-0.4186046511627907,-0.0022133687472332,0.0174216027874564,-0.0084507042253521,-0.6,0.1807511737089202,0.0338568935427574,0.0354131534569983
-0.06,-0.7870370370370371,0.2916666666666667,-0.0034692107545533,-0.1753246753246753,0.1280545112781954,0.0,-0.0232558139534883,0.166363305424099,-0.3903743315508021
0.078078078078078,0.0797773654916512,0.0615141955835962,-0.1423444976076555,-0.0983606557377049,0.0479825517993456,0.1228889687387711,0.3142857142857143,0.071394345951126,-0.7763975155279503
0.1318830727396329,0.1748120300751879,0.3636363636363636,-0.1271343726800297,0.0654545454545454,0.0975475337558556,0.1514379322897706,-0.1050477489768076,0.0662337662337662,-0.0664335664335664
0.203125,-0.0479262672811059,0.0335305719921104,0.081337894336754,-0.0774193548387096,0.7858136300417247,-0.5247524752475248,0.1649484536082474,-0.1781345565749235,-0.0180780209324452
0.1239166081049426,-0.2346666666666666,-1.0,-0.105198454513523,0.0579150579150579,0.0944902848017034,0.2192636423405654,-0.0356915232632249,0.0582329317269076,-0.4954128440366973
-0.4640522875816993,0.210958904109589,0.1074168797953964,-0.0381165919282511,-0.9555555555555556,0.203205791106515,0.1717325227963526,0.1530054644808743,-0.0350989151244416,0.38
0.0900621118012422,0.1162790697674418,0.3095238095238095,0.01979482733709,0.3125,-0.0071405387861084,-0.0068568900685689,-0.069703243616287,0.0925131139723414,-0.3098591549295774
0.1432030439294361,-0.1462160176340926,0.2099737532808399,-0.055011655011655,-0.1094452773613193,-0.2365063788027478,0.2167458432304038,-0.178030303030303,0.1013755635186683,0.0534283170080142
-1.248840803709428,0.1088680605623648,-0.55,0.0236363636363636,-0.5357142857142857,0.1759146341463414,-0.2106468231253577,-5.393939393939394,0.0108868826340945,-0.5134529147982063
-0.5,-0.3409669211195928,0.3888888888888889,0.5602605863192183,-0.1818181818181818,-0.9288702928870292,-0.0683760683760683,-9.285714285714286,0.0900316192378099,-0.1605550049554014
-0.0109140518417462,0.4373368146214099,0.0815217391304347,-0.3238993710691824,-0.0887573964497041,0.1095100864553314,-11.129032258064516,-23.666666666666668,-0.0529672467841314,-0.2300109529025191
-0.1911764705882352,-0.0508209538702111,-0.2030651340996168,-0.1354344122657581,-0.0477386934673366,0.5223281485198193,-0.0404371584699453,0.2654867256637168,0.1032719836400818,0.0652376514445479
0.0395660497766432,-0.1224055348589675,0.2482435597189695,-1.1756756756756757,-0.3472222222222222,-0.0612912823564415,0.2934156378600823,0.4338028169014084,-0.0028744482086028,0.0423076923076923
-0.1409591704471808,0.2230538922155688,0.3829787234042553,0.0476108922760746,0.0688073394495412,-0.089741333802569,0.0403138528138528,0.0068111455108359,-0.019101703665462,-0.4
0.1353535353535353,-1.0888888888888888,0.7692307692307693,-0.0130287346064608,-0.7916666666666666,0.2631122670134374,-0.197594501718213,0.0037243947858473,-0.0208613728129205,0.2666666666666666
0.0,-0.0543589743589743,-0.282051282051282,0.0894761242466388,0.0402298850574712,0.2863905325443787,0.1839080459770115,0.0620347394540942,0.096700194106229,-0.0625
0.0750182083029861,0.0516165626772546,-0.0458015267175572,-0.0802103879026955,0.0543478260869565,0.4030048608042421,-0.2008888888888889,0.1505791505791505,0.0891920251836306,0.0152091254752851
0.1502824858757062,0.0469341408024224,-0.1959798994974874,-0.1635220125786163,0.0261904761904761,0.0484317343173431,-0.0386930352536543,0.2446043165467626,0.1023149471277507,0.2905027932960894
-0.3106860158311346,-0.2175962293794187,0.158282208588957,-0.1335761991499696,0.4320987654320987,-0.7512830635609948,-0.5216860109957239,-0.4056603773584906,-0.095952023988006,0.0816714150047483
-0.2193103448275862,0.209849157054126,0.1204481792717086,-0.0257618598806157,-0.0099009900990099,-0.0714711137581894,0.0437226733291692,0.0314371257485029,0.0477240306056283,-0.1117318435754189
0.176068376068376,0.2715609408410548,0.0218508997429305,-0.0213414634146341,0.0620155038759689,0.57088948787062,-0.3113673805601318,0.2972972972972973,0.0410846343467543,-0.0351437699680511
0.096266192532385,0.1632373113854595,0.0428571428571428,-0.0250916811426365,0.052863436123348,0.0423701815864925,-0.012358133669609,0.0025364616360177,0.0629342051491622,-0.9
-0.1238431026884089,0.1414356787491116,0.0675675675675675,0.0771165129924559,0.0705521472392638,-0.0042604990870359,-0.0624284077892325,-0.0078125,0.1018599425789539,0.0471153846153846
-0.1833810888252149,0.232,0.8679245283018868,-0.3536177331660393,-0.2727272727272727,-0.011340206185567,0.121824480369515,-0.0168502916396629,0.0,-0.1735537190082644
-0.2136363636363636,0.0126582278481012,0.0784313725490196,-0.2268041237113402,-0.1304347826086956,0.1661750245821042,0.3276904474002418,0.1529411764705882,-0.1415162454873646,-1.25
-0.0335934848998982,-0.0178006329113924,-0.1392857142857143,0.0277008310249307,-0.0552763819095477,0.0041556479032867,0.0164927633793335,0.0063091482649842,-0.0267325620577333,-0.1321961620469083
0.0084033613445378,0.0407348242811501,-0.320754716981132,-0.0923694779116465,-0.0105540897097625,0.1233822260569456,0.0469565217391304,0.1381381381381381,0.0323706759758806,0.144927536231884
-0.2307314678448699,0.1378225298930144,0.2398921832884097,-0.0122388059701492,0.1437308868501529,0.0180456247871978,0.1064962726304579,0.1262341325811001,-0.0328315412186379,0.0475638051044083
0.4214214214214214,-0.2471264367816092,0.1176470588235294,-0.0173085244482907,0.3385416666666667,-0.3321325648414985,-0.1763985300122499,0.3095238095238095,-0.2125800815375655,-0.1884368308351177
0.0368098159509202,0.069557362240289,0.3177387914230019,0.1274038461538461,0.1666666666666666,0.142337242215932,-0.1031642826181187,-0.447452229299363,0.1588375796178344,-0.1056729699666295
-0.2065217391304347,-0.1337579617834395,0.1015761821366024,-0.285263987391647,-1.2916666666666667,-0.1270417422867513,-0.0064282844515869,0.375,-0.0525262631315657,-0.1548507462686567
-0.1101289134438305,0.1414141414141414,0.5918367346938775,0.0322742474916388,-0.0714285714285714,-0.1294949494949495,0.0427210884353741,0.0049627791563275,-0.1537112799532437,-0.5671641791044776
0.2053789731051344,-0.5433436532507739,-0.8333333333333334,-0.0854724964739069,-0.4765100671140939,-0.4889078498293515,-0.0823970037453183,0.5058139534883721,-0.2493934983017952,-0.8291139240506329
-1.2994011976047903,0.0931545518701482,-0.7837837837837838,-0.029585798816568,0.1774193548387097,0.1991031390134529,-0.0721649484536082,-7.08,0.0322161600415692,-0.5771028037383178
-0.0546723536254362,-1.446808510638298,0.9041095890410958,-0.0593497333562704,-0.1923076923076923,-0.103049680275455,0.2022851207478577,0.0105393676379417,0.1563169164882226,-0.074074074074074
0.0486202365308804,0.4631432545201669,0.25,-0.1227212929900394,0.1312056737588652,0.0655373507359066,0.0962721679334057,-0.0167850225952227,-0.0464634507250665,-0.7222222222222222
0.0106430155210643,0.0741017964071856,0.2203389830508474,0.0439189189189189,-0.0555555555555555,-0.0741324921135646,-0.3333333333333333,-0.0190839694656488,0.0255614387438378,-0.2600349040139616
0.1720647773279352,0.1145251396648044,0.04,-0.0920502092050209,0.2404181184668989,-0.108695652173913,0.0845624385447394,-0.75,0.1179315476190476,0.0785463071512309
-0.0950920245398773,0.1066666666666666,-0.9393939393939394,-0.8121019108280255,0.6188340807174888,0.1836051861145964,0.2143351800554016,-1.702127659574468,0.0088028169014084,-0.101063829787234
0.1226480836236933,-0.2731411229135053,0.44,-0.0554642563681183,-0.2489959839357429,0.0296096904441453,-0.0814814814814814,0.3987730061349693,0.1428787420622921,-0.201048951048951
-0.1137071651090342,0.0668716372021522,-0.0986842105263157,-0.2466460268317853,0.1128107074569789,0.5754132231404959,-0.1480446927374301,-0.211864406779661,0.1359605911330049,0.1139575971731448
-0.1186017478152309,-0.0251954821894005,0.2702702702702703,-0.0644361833952912,0.2479674796747967,-0.1206185567010309,0.1691374663072776,0.0295819935691318,-0.0367011179076144,-0.2196969696969697
0.0738396624472573,-0.0892857142857142,-0.8,0.0494752623688155,0.0105263157894736,0.0301142263759086,0.1365546218487394,-1.24,0.3839022334597556,0.0366350067842605
-0.0259951259138911,-0.1881638846737481,0.2166666666666666,-0.0399132321041214,-0.0612244897959183,-0.0094637223974763,-0.136094674556213,0.4193548387096774,-0.0236125126135216,-0.1824561403508772
-0.0545905707196029,-0.4464285714285714,0.9,-0.0272894692784195,-0.3571428571428571,0.0,0.1754098360655737,-0.006325110689437,0.0572625698324022,0.1052631578947368
0.1187529747739171,0.1617161716171617,0.0151515151515151,-0.0355029585798816,0.004524886877828,0.0603271983640081,0.0184483194339145,0.008140262993112,0.0316565481352992,-1.1584158415841583
0.0560260586319218,0.3719723183391003,0.1053864168618267,-0.3348214285714285,-0.2418300653594771,0.0398740818467995,-347.0,-3.5555555555555554,-0.0307377049180327,-0.1099365750528541
-0.2410460488914155,-0.1397849462365591,0.9,-0.1491905813097866,-1.0833333333333333,-0.0279159756771697,0.0044728434504792,-0.0524822695035461,-0.4835016835016835,-0.7904761904761904
0.1141602634467618,0.0570505920344456,-0.1036269430051813,-0.0910518053375196,-0.136986301369863,-0.0787476280834914,0.2580645161290322,-0.108695652173913,0.051063829787234,0.0808823529411764
-0.2905405405405405,0.1364161849710982,0.0591397849462365,-0.2208538587848932,0.0266666666666666,-0.0640945861854387,-0.1027332704995287,-10.0,0.0423372988103568,0.0821192052980132
-0.1069391634980988,0.1068702290076335,0.8947368421052632,-0.346887444980088,-0.6666666666666666,0.0741190765492102,0.2068604346687614,0.023153942428035,-0.0759849906191369,-22.666666666666668
-0.4037225042301184,-0.2626506024096385,0.4907407407407407,-0.5674931129476584,0.4285714285714285,-0.1128449408672798,-0.0026653743639447,-1.0346205059920106,0.1034675615212527,-0.6410256410256411
-0.0372872872872872,-0.1692708333333333,-1.1428571428571428,-0.1496492595479345,-0.875,0.1847632609469562,-0.0556284439779585,-0.0217256362507759,-0.3428571428571428,0.0292397660818713
-0.1368547418967587,-0.0644787644787644,0.1064516129032258,-0.8513379583746283,-0.1680851063829787,0.069228988191711,0.1321909424724602,0.233502538071066,0.014821179250349,0.0108695652173913
-0.0525645109907613,-0.5860805860805861,-1.5,0.0279200396497604,-0.0616438356164383,0.1055900621118012,0.1593462717058222,-0.0018691588785046,0.1233362910381544,0.0732600732600732
0.2972677595628415,0.1723052714398111,0.2429752066115702,-0.0307867730900798,0.7142857142857143,0.2646011396011396,-0.3577287066246056,0.0368715083798882,0.1525358110723964,0.0019685039370078
0.0574162679425837,0.1238938053097345,0.1237410071942446,-0.026595744680851,-0.8333333333333334,0.1065749892565535,0.0,-0.175438596491228,-0.0491312162971839,0.1717171717171717
0.0357306459001374,-0.0028873917228103,-0.3434343434343434,0.0743119266055045,0.1645962732919254,0.1381987577639751,0.1147540983606557,0.2101910828025477,0.088852696344553,0.0197693574958813
0.4313534566699123,-0.2933709449929478,0.2226890756302521,-0.0318331503841931,0.3179487179487179,-0.3293201133144476,-0.0900383141762452,0.3222222222222222,-0.2297696396928529,-0.3536585365853658
0.2403225806451613,0.2104247104247104,0.4753521126760563,0.2084805653710247,0.3513513513513513,0.1222664015904572,-0.5342902711323764,0.0,0.0776273372018052,-0.1793103448275862
-0.0045946832950443,-0.0358306188925081,-0.0636942675159235,-0.0434908250252853,0.0666666666666666,-0.0283969899190685,0.0725663716814159,-0.0100882723833543,-0.0169977081741787,-0.754601226993865
-0.1980633802816901,0.085453672587614,-0.1887755102040816,0.0565371024734982,0.8840579710144928,-0.0737014506317267,-0.0393762183235867,-0.0217391304347826,0.0551839464882943,0.0169204737732656
0.0288461538461538,0.2290809327846364,0.2916666666666667,0.0291983719695629,0.0675675675675675,-0.0591059602649006,0.0329908058409951,0.0179012345679012,0.0323212536728697,-0.4189189189189189
-0.1868227134807109,0.2666666666666666,0.6666666666666666,-0.3225933979047242,0.0,0.1452455590386625,0.0886075949367088,0.0055762081784386,-0.0553261767134599,0.2445652173913043
0.3571428571428571,0.4314285714285714,0.4520295202952029,0.4645669291338583,-2.7142857142857144,0.559679037111334,0.1066666666666666,0.1505376344086021,0.1644801805614332,-0.1437768240343347
0.1109860423232778,0.2531120331950207,-0.1521739130434782,-0.0242435996896819,0.1008403361344537,-0.0014338973329509,-0.1025869759143621,0.0184956843403205,0.0724444444444444,-0.5725190839694656
-0.0939457202505219,-0.1746987951807229,0.8909090909090909,-0.2831679157383026,-1.5714285714285714,0.0605902324366675,0.1706186971926955,-0.0768126346015793,-0.0967741935483871,-0.7710843373493976
0.0062383031815346,0.2896265560165975,-1.181818181818182,-0.1145251396648044,-0.7424242424242424,0.044517724649629,0.0795618929530894,-0.0185528756957328,-0.0655038759689922,-0.220125786163522
0.015025041736227,0.074487895716946,0.1313432835820895,-0.1572525982828739,-0.0892857142857142,0.0506399554813578,0.0791284403669724,0.4137931034482758,0.0363003480855295,-1.0
0.1238938053097345,0.0417777777777777,-0.0817490494296578,0.1037902940134608,-0.0846153846153846,0.5124282982791587,-1.318181818181818,0.1666666666666666,0.033989834815756,0.1452560873215785
-0.2395982783357245,0.05005382131324,-0.145631067961165,-0.113518605746585,0.1318181818181818,0.0626410835214447,-0.2414050822122571,-0.375,-0.0624551328068916,-0.0409302325581395
0.1003184713375796,0.2354590049053959,0.0766331658291457,-0.1133056133056133,0.0634390651085141,0.5943152454780362,-0.1595273264401772,0.064516129032258,0.1361626878868258,-0.0259336099585062
-0.6766666666666666,-0.2328767123287671,0.0736040609137055,-0.1756097560975609,0.0151515151515151,0.3656417112299465,0.2535377358490566,0.0405405405405405,0.1427937915742793,0.2328042328042328
0.0622406639004149,-0.0920398009950248,-0.8205128205128205,0.0331658291457286,-0.0069686411149825,-0.0395721925133689,0.0774748923959827,-1.44,0.3649000868809731,0.011142061281337
-0.175,0.1298052920619071,-0.2514970059880239,0.0090322580645161,0.9090909090909092,-0.0689054726368159,-0.0735705717712914,-0.4716981132075472,0.0245661207528721,0.0977742448330683
0.0076992753623188,0.0256183745583038,-0.2551020408163265,0.080077182826821,0.1641221374045801,0.0189982728842832,-0.0080321285140562,0.0507042253521126,0.0688116049841919,-0.1180679785330948
0.060254491017964,-0.0379815518176885,-0.0875912408759124,-0.0398891113506853,0.0984848484848484,0.0190141875091414,0.0110126885324395,-0.0069138906348208,0.0863286264441591,-0.0279411764705882
-0.3095823095823096,0.1741835147744945,0.1889168765743073,-0.0338286436926968,0.0849858356940509,-0.0434782608695652,0.0913705583756345,0.1065292096219931,0.044750878105893,-0.0364583333333333
-0.1371428571428571,0.1553191489361702,0.5,-0.0051679586563307,-0.2956521739130435,-0.0725075528700906,-0.0168539325842696,-0.0576923076923076,0.0309023485784919,0.1145374449339207
0.1578947368421052,-0.0048875855327468,-0.047787610619469,0.0487551867219917,0.0,0.415506958250497,-1.145985401459854,0.1839826839826839,0.1055179090029041,0.0947002606429192
0.1351351351351351,0.083028083028083,-0.1860465116279069,0.0517543859649122,0.0585106382978723,-0.0327272727272727,0.115,-50.0,0.2353300733496332,0.0985130111524163
0.0721262208865514,-0.2931854199683043,0.5,-0.0594435075885328,-0.336405529953917,-0.0302571860816944,0.1589743589743589,0.3497757847533632,0.1295975017349063,-0.2433962264150943
0.1833594976452119,0.2027203766675386,-0.242914979757085,0.1339078554855817,-0.1543408360128617,0.200563063063063,0.3683834048640915,-0.2941176470588235,-0.1409339107512709,-0.0489510489510489
-0.0948207171314741,-0.7873417721518987,0.6746987951807228,-0.6375661375661376,-0.5,-0.0073863636363636,0.1596157776415287,-2.926701570680628,0.0883534136546184,-1.1704545454545454
-1.3916666666666666,-0.7619047619047619,0.1716981132075471,0.291967291967292,-1.4166666666666667,-0.2911392405063291,-0.5359765051395007,0.0029910269192422,-0.4123964406259588,-4.361702127659575
-0.1474323578133627,-0.1166666666666666,0.9019607843137256,-0.1726323639075317,-1.0,0.0347314987977558,0.1622691292875989,-0.0567778566359119,-0.635486265775798,-1.065934065934066
-0.0542056074766355,0.0039920159680638,0.1784660766961651,-0.1346249379036264,-0.0181818181818181,0.0185517654099341,0.1191860465116279,0.5,0.0101498308361527,-0.6824925816023739
0.1635220125786163,0.3974082073434125,0.5157116451016636,0.5568862275449101,-2.6666666666666665,0.2770199370409234,-0.0699421965317919,0.1702127659574468,0.1451076745194392,-0.090648854961832
0.2966700302724521,-0.4104859335038363,-0.0660377358490566,-0.0633887683779223,-0.15,-0.3187803187803187,-0.1402584968884633,0.4827586206896552,-0.4515235457063712,-1.598984771573604
-0.0462555066079295,0.4696449026345933,0.1181318681318681,-0.3850174216027874,-0.0538922155688622,0.1853881278538812,-4.2,-34.5,-0.0312301503281812,-0.2010695187165775
-0.0049826689774696,0.2262857142857142,-1.3,-0.1312974732599597,-1.162790697674419,0.1228157763354967,0.041000225275963,-0.0191713048855906,-0.1999127018769096,-0.2763157894736842
-1.1358024691358024,0.0722195474241694,0.0788770053475935,0.0363517631693513,-0.1047297297297297,-0.0098039215686274,0.0493039443155452,0.1435309973045822,-0.6329918756623102,-2.1875
-0.5836575875486382,0.0754162585700293,0.2843691148775895,0.2394463667820069,-0.0416666666666666,0.0280040733197556,0.0188933873144399,0.0,0.1377713458755426,0.1459948320413436
-0.1543859649122807,-0.0656284760845383,-0.088560885608856,-0.1267123287671233,0.7664233576642335,0.024547803617571,0.0839544919576304,-0.66,0.0740170535291331,-0.1126500461680517
0.1683231805065726,-0.0947368421052631,0.3768115942028985,0.0030828516377649,-0.0131195335276967,-0.2679914070891514,0.0783444198078344,-0.4159090909090909,0.0742813254333991,-0.0638297872340425
-0.5903954802259888,-0.3140096618357488,0.1234991423670669,0.0694444444444444,-1.0,0.0529100529100529,-0.050251256281407,0.1223922114047287,-0.2407521578298397,-2.4204545454545454
-0.2805534204458109,0.0668127053669222,-0.056782334384858,-0.0479720889664195,0.1640449438202247,0.041159420289855,-0.1438450899031811,-0.3612903225806451,-0.0249307479224376,-0.0418994413407821
-0.1350284962735642,0.1282798833819242,0.0918635170603674,0.0252587991718426,0.0454545454545454,0.0052956751985878,-0.0553314121037464,-0.0622182146077547,0.1029796783443461,0.0178394449950445
0.002486016159105,0.2871754523996853,-1.0833333333333333,-0.1254542581766471,-0.6575342465753424,0.0108189081225033,0.069200578392894,-0.0191831683168316,-0.1054789414834141,-0.0290697674418604
0.0986422831809365,-0.1567164179104477,-0.0428571428571428,0.0005808325266214,-0.125,-0.0191395961369622,-0.0832535885167464,0.0112711333750782,0.0856581532416503,-1.6
0.0086580086580086,-0.5,0.3617886178861789,-0.1736309369322606,-0.4487179487179487,-0.1279893711248892,0.048557031607879,0.0587842351369405,0.1186770428015564,-0.2230215827338129
0.547945205479452,-0.0912017167381974,0.0413476263399693,0.0284444444444444,-0.1711711711711711,0.2309941520467836,-0.3487179487179487,0.0445859872611464,0.1484074203710185,0.0331632653061224
-1.7753623188405796,0.153363740022805,0.1010781671159029,0.0789838337182448,0.0110294117647058,0.1955307262569832,0.2036553524804177,0.2123479887745556,-0.6906170752324599,-0.9382716049382716
0.0643776824034334,0.0948110185778347,-0.0625,-0.0076934036187491,0.3076923076923077,-0.0175078352966605,-0.030316845224527,-0.1207658321060382,0.0640655105973025,-0.3846153846153846
0.1596091205211726,0.2530541012216405,0.4475524475524475,0.1730103806228373,0.4,0.1423324150596878,-0.55,0.0,0.0734455958549222,-0.2481751824817518
0.1491228070175438,-0.02775290957923,0.053030303030303,0.0743494423791821,0.0365853658536585,0.7883008356545961,-0.6,0.2175226586102719,-0.1543071161048689,-0.0209923664122137
-0.0251572327044025,-0.0675345809601301,0.0535714285714285,0.1640926640926641,0.1538461538461538,-0.0135135135135135,0.0832349468713105,-0.0172413793103448,0.081443017217819,-0.0238532110091743
0.1006711409395973,0.3619691119691119,-0.0421511627906976,0.1308258381030253,0.2257636122177954,-0.0457782299084435,-0.0168150346191889,0.2704918032786885,0.0426470588235294,0.0082389289392378
-0.4700854700854701,-0.0372670807453416,0.143646408839779,0.0177383592017738,-0.3,0.0051867219917012,-0.4906832298136646,0.0,0.0063809422524726,0.0310834813499111
0.056857855361596,0.0464788732394366,-0.134020618556701,-0.0209851999116412,0.1970802919708029,-0.046258754146701,-0.1241904761904761,-0.0028591851322373,0.1126462534229524,-0.1955168119551681
-0.1274804570054119,-0.0835370823145884,0.0198019801980198,-1.0332187857961057,-0.1111111111111111,-0.001016002032004,0.2243436754176611,0.2586750788643533,0.0285570638511814,0.0355253212396069
0.1426611796982167,-1.1521739130434785,0.873015873015873,0.0088183421516754,-0.1408450704225352,-0.0602861834388928,0.2550731477111845,0.015990159901599,0.1879404855129209,-0.2933333333333333
-0.123734533183352,0.1217681401167639,-0.0432692307692307,0.0176767676767676,0.0857142857142857,-0.0670859538784067,0.2311178247734139,0.0,-0.018413597733711,-0.1556420233463035
-0.4234748483767392,0.1033984092552422,-0.24,-0.0644213824162913,0.2222222222222222,0.0737307773330524,0.1750122729504172,0.0389202762084118,-0.1336921420882669,-0.3314285714285714
0.3139717425431711,0.1571879936808846,0.2427350427350427,0.0474919957310565,0.6666666666666666,0.2659059474412171,-0.4138372837924407,-0.038231780167264,0.1493523316062176,-0.025278058645096
-0.5138888888888888,-0.2818181818181818,0.1218274111675127,0.0156546489563567,-0.92,0.03487358326068,-0.0304818092428711,0.1204330175913396,-0.2079831932773109,-2.4204545454545454
-0.014792899408284,-0.0713525026624068,-0.0828025477707006,0.0195991091314031,0.0703883495145631,-0.0644257703081232,0.1010037641154328,-1.4,0.1027486910994764,0.1094674556213017
-0.6720257234726688,0.1490294301815904,-1.2424242424242424,-0.1883720930232558,0.5036496350364964,0.2147777082028804,0.1167687595712098,-2.883720930232558,-0.0088085303662494,-0.3649906890130354
0.2160237388724035,0.0555555555555555,0.2586206896551724,-0.4505952380952381,0.3260869565217391,-0.1531204644412191,0.3004694835680751,-0.6206896551724138,0.0104097452934662,0.0299003322259136
0.0509209100758396,0.0987370838117106,-0.2777777777777778,0.1345381526104417,-0.022964509394572,-0.0532184490623416,0.0566393958464443,-0.1521739130434782,0.1938502673796791,-0.2117647058823529
-0.7478632478632479,-0.3047619047619048,0.0751748251748251,-0.3526383526383526,-0.9393939393939394,0.4419970631424376,0.4910802775024777,-0.4375,-0.1401301518438177,-0.048076923076923
0.0152801358234295,-0.1185185185185185,0.1161290322580645,-0.216710182767624,-0.2318840579710145,-0.2131912058627581,-0.2671394799054373,0.0661157024793388,0.0348204570184983,-0.0119047619047619
-0.168053244592346,-0.1595214356929212,-0.6829268292682927,0.0348235294117647,0.0675990675990676,0.0164301717699775,-0.0873579545454545,-1.1111111111111112,0.131578947368421,0.278125
0.1326219512195122,0.3189480782198247,0.0695652173913043,0.0301003344481605,-0.3492063492063492,0.1493832800365463,-0.1775431861804222,-3.3333333333333335,0.0403044270554185,0.0897043832823649
-0.6927710843373494,0.0269607843137254,-0.0359820089955022,-0.2795248078266946,-0.2982456140350877,0.4258241758241758,0.4755838641188959,-0.9,0.0284664830119375,0.1036269430051813
0.3267485317672183,0.1676022453889334,0.2395498392282958,-0.0776470588235294,0.6666666666666666,0.2492537313432835,-0.3671875,0.0328054298642533,0.1567796610169491,0.0174418604651162
-0.174177831912302,-0.0835312747426761,0.1582089552238806,-0.9155370177267989,-0.1721854304635761,0.0444656944776476,0.2033023735810113,0.2352941176470588,0.0654100866021395,0.0184899845916795
0.005859375,-0.2824427480916031,0.0666666666666666,0.0206589492430988,0.0769230769230769,-0.0179183135704874,-0.100375939849624,0.0175328741390106,0.0369573017581629,-0.321608040201005
-0.210032267527134,-0.6893732970027248,0.5952380952380952,-0.6107226107226107,-1.0,-0.1096630642085187,0.1456774729842061,-3.4513274336283186,0.1255841121495327,-1.4651162790697674
-0.1659908083265747,-0.1124447252053063,0.1892230576441102,-0.1408831480925202,0.3644067796610169,-0.7377657779277759,-0.3673772930094199,-0.6915887850467289,-0.0980621667316946,0.1275684931506849
0.0377090003557452,-0.0068846815834767,-0.2207792207792207,-0.0229863576901513,0.0803108808290155,0.0065321805955811,0.1564423689237953,0.0147965474722564,0.0320041972717733,-0.4025974025974026
-0.1688781664656212,0.0111301369863013,-0.0297029702970297,-0.0128534704370179,-0.1739130434782608,-0.0286028602860286,0.1267387944358578,0.0,-0.0056185845488924,-0.076993583868011
0.0661302489313552,0.4311797752808989,0.5714285714285714,-0.0883424408014572,0.140893470790378,0.0585533869115958,0.1161856046766532,-0.0258397932816537,0.0033821871476888,-0.2984293193717277
0.0294019378549949,-0.0163934426229508,-0.375,0.0127496159754224,-0.0989010989010989,-0.0655526992287917,-0.0411656816792337,-0.0068535825545171,0.0165084605860503,-0.0510204081632653
-0.0779048125498537,0.0981432360742705,0.3292682926829268,-0.1714045416316232,0.6666666666666666,0.1164352888490819,-0.0319740500463392,-0.2124031007751938,-0.0015274949083503,-5.705882352941177
-0.101063829787234,0.0304683947248749,0.0017761989342806,0.3877551020408163,-0.0021141649048625,-0.0453115166771554,-0.0027510316368638,-0.2093023255813953,0.1912900959962538,-0.2815126050420168
-0.2239819004524887,-0.9003436426116839,0.1009817671809256,-0.1854014598540146,-0.4887218045112781,-0.2310969116080937,-0.0133897110641296,0.05198973042362,-0.388551604509974,-14.590909090909092
0.0409722222222222,-0.1039448966812773,-0.0875576036866359,-0.037434750186428,-0.0307692307692307,-0.0010242903131401,-0.0080906148867313,-0.0031289111389236,0.080188679245283,-0.6076923076923076
-0.1477035490605428,-0.0750519133788193,0.1855670103092783,-0.1600850546780073,0.3643410852713178,-0.7003194888178914,-0.3539192399049881,-0.7932203389830509,-0.0515630838211483,0.1053555750658472
0.222437762689945,0.1795800144822592,0.5,-0.5130499627143923,-0.3255813953488372,-0.1538461538461538,0.4079696394686907,0.4715261958997722,0.059122401847575,0.15625
-1.9492753623188408,0.1640833778727952,0.0711297071129707,0.078827805542935,-0.0849420849420849,0.1822529224229543,0.1528013582342954,0.1893115942028985,-0.7006802721088435,-0.7316176470588235
0.3014789533560865,0.1150519031141868,0.2062992125984252,-0.2686274509803921,0.75,0.2296022960229602,-0.3812154696132597,0.0023696682464454,0.1799168615224733,0.0427184466019417
-0.0217391304347826,0.0175901495162708,-0.0268199233716475,0.1052443810203353,0.0866666666666666,0.7853577371048253,-0.1217391304347826,0.227621483375959,-0.0537075537075537,0.094306049822064
-0.0967056323060573,0.1469648562300319,0.0696721311475409,-0.0851063829787234,-0.0641025641025641,-0.0916179337231968,0.1037567084078712,0.0,-0.0244410346339324,-0.1727541954590326
-0.4083916083916084,-0.559322033898305,0.4181360201511335,0.1184532550171316,-1.7142857142857142,-0.1439831844456122,-0.0847520355292376,-0.6825127334465195,0.1489984591679506,-4.141361256544503
0.0970942593905031,-0.0956607495069033,0.23841059602649,-0.1151012891344383,-0.5043478260869565,-0.1166240409207161,0.3246425567703953,-0.0779220779220779,0.0928292046936114,-0.2280701754385964
-0.3829787234042553,-0.7711267605633803,-0.0494117647058823,0.0065288356909684,0.2316176470588235,-0.1888888888888888,0.3621460506706408,0.5826771653543307,0.084316037735849,-0.0814889336016096
-0.3796296296296296,-0.0072538860103626,-0.8076923076923077,-0.4591029023746701,0.5,0.067481402763018,0.1829150579150579,-1.6444444444444444,0.1249679240441365,-0.2177419354838709
